{"type":"FeatureCollection","crs":{"type":"name","properties":{"name":"EPSG:4326"}},"features":[{"type":"Feature","id":49,"geometry":{"type":"Polygon","coordinates":[[[-114.067898281807,51.0499545291876],[-114.067409861472,51.0499416446348],[-114.067413667955,51.0498885176482],[-114.067901592086,51.0499028426276],[-114.067898281807,51.0499545291876]]]},"properties":{"OBJECTID":49,"BRIDGE_NO":" ","BRIDGE_NAME":"1582 R","POSTED_CLEARANCE":"5.4","LOCATION":"Jamieson Place - BP Centre","EOR":"RJC","SCHEDULE":"na","CONST_DEC":"post-2000","PED_201212":3761,"PED_EST":4137,"CONN_TYPE":"Bridge","CROSS_LOC":"2 Street/3-4 Avenues SW","IMPACTED":0,"CA_REPORT":" ","STREET_CRO":"2 Street","CITY_OWNED":"na","STATUS":"Demised","CROSS_ROW":"Yes","UNITID":"1110029911","GLOBALID":"dd5653b3-02b3-407b-8a9d-831e27d230f7","OWNER":null,"STATUS_CD":"Retired","ACQUISITION_METHOD":null,"ACQUISITION_DATE":null,"HYPERLINK":null,"MODIFY_REASON":null,"MODIFIED_DT":1593438104000,"MODIFIED_ACTION":"MODIFIED ATTRIBUTE","UNITTYPE":"BMPF","CREATED_DT":1469630805000,"PROGRAM_PROJECT":null,"DEVELOPMENT_AGREEMENT":null,"TI_HANDOFF_DATE":null,"CCC_DT":null,"FAC_DT":null,"WORK_ORDER_NUMBERS":null,"GROUP_PROJECT_NUMBERS":null,"HIST_CREATE_ID":null,"HIST_REVISION_ID":"e3cb4806-c259-4a3a-af63-1726def3b70e","HIST_EFF_DT":null,"HIST_EXP_DT":null,"COMPTYPE":66,"COMPKEY":null,"ADDRKEY":null,"EXPBY":null,"EXPDATE":null,"GLOBALID_GUID":"dd5653b3-02b3-407b-8a9d-831e27d230f7","SHAPE__Area":505.265625,"SHAPE__Length":127.37045396092738}},{"type":"Feature","id":82,"geometry":{"type":"Polygon","coordinates":[[[-114.062884332007,51.0450702812023],[-114.062884246991,51.0450074879539],[-114.063146870784,51.0450168601986],[-114.063134880438,51.0450777568433],[-114.062884332007,51.0450702812023]]]},"properties":{"OBJECTID":82,"BRIDGE_NO":" ","BRIDGE_NAME":"1505 R","POSTED_CLEARANCE":" ","LOCATION":"na","EOR":" ","SCHEDULE":"na","CONST_DEC":"unknown","PED_201212":0,"PED_EST":0,"CONN_TYPE":"Bridge","CROSS_LOC":"Centre Street/8-9 Avenues SW","IMPACTED":0,"CA_REPORT":" ","STREET_CRO":"Centre Street","CITY_OWNED":"na","STATUS":"Demised","CROSS_ROW":"Yes","UNITID":"1110029901","GLOBALID":"be16dfeb-c6e9-4ee4-af23-578bbeed8f8d","OWNER":null,"STATUS_CD":"Retired","ACQUISITION_METHOD":null,"ACQUISITION_DATE":null,"HYPERLINK":null,"MODIFY_REASON":null,"MODIFIED_DT":1593424068000,"MODIFIED_ACTION":"MODIFIED ATTRIBUTE","UNITTYPE":"BMPF","CREATED_DT":1469630805000,"PROGRAM_PROJECT":null,"DEVELOPMENT_AGREEMENT":null,"TI_HANDOFF_DATE":null,"CCC_DT":null,"FAC_DT":null,"WORK_ORDER_NUMBERS":null,"GROUP_PROJECT_NUMBERS":null,"HIST_CREATE_ID":null,"HIST_REVISION_ID":"9f757fef-97cd-49cb-9e91-262cfc21c1a9","HIST_EFF_DT":null,"HIST_EXP_DT":null,"COMPTYPE":66,"COMPKEY":null,"ADDRKEY":null,"EXPBY":null,"EXPDATE":null,"GLOBALID_GUID":"be16dfeb-c6e9-4ee4-af23-578bbeed8f8d","SHAPE__Area":313.765625,"SHAPE__Length":79.18740416344157}},{"type":"Feature","id":88,"geometry":{"type":"Polygon","coordinates":[[[-114.063624269327,51.0470226952406],[-114.063495804117,51.0470191647114],[-114.063499066047,51.0469589317395],[-114.063628732339,51.0469607059168],[-114.063624269327,51.0470226952406]]]},"properties":{"OBJECTID":88,"BRIDGE_NO":" ","BRIDGE_NAME":"1544 R","POSTED_CLEARANCE":"4.3","LOCATION":"Hanover Place - Arts Central","EOR":" ","SCHEDULE":"na","CONST_DEC":"unknown","PED_201212":0,"PED_EST":0,"CONN_TYPE":"Lane Link","CROSS_LOC":"Lane connecting Centre-1 Streets/6-7 Avenues SW","IMPACTED":0,"CA_REPORT":" ","STREET_CRO":"Lane connection","CITY_OWNED":"na","STATUS":"Demised","CROSS_ROW":"Yes","UNITID":"1110029913","GLOBALID":"1cc6d617-2086-46de-bcb5-c57db4447cd4","OWNER":null,"STATUS_CD":"Retired","ACQUISITION_METHOD":null,"ACQUISITION_DATE":null,"HYPERLINK":null,"MODIFY_REASON":null,"MODIFIED_DT":1593424068000,"MODIFIED_ACTION":"MODIFIED ATTRIBUTE","UNITTYPE":"BMPF","CREATED_DT":1469630805000,"PROGRAM_PROJECT":null,"DEVELOPMENT_AGREEMENT":null,"TI_HANDOFF_DATE":null,"CCC_DT":null,"FAC_DT":null,"WORK_ORDER_NUMBERS":null,"GROUP_PROJECT_NUMBERS":null,"HIST_CREATE_ID":null,"HIST_REVISION_ID":"4e022b7e-42d5-4606-8e89-5a7c61665227","HIST_EFF_DT":null,"HIST_EXP_DT":null,"COMPTYPE":66,"COMPKEY":null,"ADDRKEY":null,"EXPBY":null,"EXPDATE":null,"GLOBALID_GUID":"1cc6d617-2086-46de-bcb5-c57db4447cd4","SHAPE__Area":155.671875,"SHAPE__Length":50.411195010629505}},{"type":"Feature","id":90,"geometry":{"type":"Polygon","coordinates":[[[-114.066819845461,51.0465018081041],[-114.066819900992,51.0467118918171],[-114.066689711422,51.0467048301225],[-114.066690221273,51.0464987546084],[-114.066819845461,51.0465018081041]]]},"properties":{"OBJECTID":90,"BRIDGE_NO":" ","BRIDGE_NAME":"1519 R","POSTED_CLEARANCE":" ","LOCATION":"Bow Parkade - Scotia Centre","EOR":" ","SCHEDULE":"na","CONST_DEC":"unknown","PED_201212":0,"PED_EST":0,"CONN_TYPE":"Bridge","CROSS_LOC":"7 Avenue/1-2 Streets SW","IMPACTED":0,"CA_REPORT":" ","STREET_CRO":"7 Avenue","CITY_OWNED":"na","STATUS":"Demised","CROSS_ROW":"Yes","UNITID":"1110029953","GLOBALID":"ef236f50-9283-4346-b9ab-84bbc7c72471","OWNER":null,"STATUS_CD":"Retired","ACQUISITION_METHOD":null,"ACQUISITION_DATE":null,"HYPERLINK":null,"MODIFY_REASON":null,"MODIFIED_DT":1593424068000,"MODIFIED_ACTION":"MODIFIED ATTRIBUTE","UNITTYPE":"BMPF","CREATED_DT":1469630805000,"PROGRAM_PROJECT":null,"DEVELOPMENT_AGREEMENT":null,"TI_HANDOFF_DATE":null,"CCC_DT":null,"FAC_DT":null,"WORK_ORDER_NUMBERS":null,"GROUP_PROJECT_NUMBERS":null,"HIST_CREATE_ID":null,"HIST_REVISION_ID":"81f5d9dc-e28f-4017-8963-7b7432c9ccaf","HIST_EFF_DT":null,"HIST_EXP_DT":null,"COMPTYPE":66,"COMPKEY":773605,"ADDRKEY":"1","EXPBY":null,"EXPDATE":null,"GLOBALID_GUID":"ef236f50-9283-4346-b9ab-84bbc7c72471","SHAPE__Area":532.8359375,"SHAPE__Length":102.67413602766104}},{"type":"Feature","id":93,"geometry":{"type":"Polygon","coordinates":[[[-114.080138558674,51.0461302571568],[-114.080066112575,51.046130306806],[-114.080087417627,51.0459238106174],[-114.080164977309,51.0459253621152],[-114.080138558674,51.0461302571568]]]},"properties":{"OBJECTID":93,"BRIDGE_NO":" ","BRIDGE_NAME":"1502 R","POSTED_CLEARANCE":" ","LOCATION":"na","EOR":" ","SCHEDULE":"na","CONST_DEC":"unknown","PED_201212":0,"PED_EST":0,"CONN_TYPE":"Bridge","CROSS_LOC":"8 Avenue/7-8 Streets SW","IMPACTED":0,"CA_REPORT":" ","STREET_CRO":"8 Avenue","CITY_OWNED":"na","STATUS":"Demised","CROSS_ROW":"Yes","UNITID":"1110029960","GLOBALID":"3cf0f803-2d88-49a3-a857-b760deafcb46","OWNER":null,"STATUS_CD":"Retired","ACQUISITION_METHOD":null,"ACQUISITION_DATE":null,"HYPERLINK":null,"MODIFY_REASON":null,"MODIFIED_DT":1593424068000,"MODIFIED_ACTION":"MODIFIED ATTRIBUTE","UNITTYPE":"BMPF","CREATED_DT":1469630805000,"PROGRAM_PROJECT":null,"DEVELOPMENT_AGREEMENT":null,"TI_HANDOFF_DATE":null,"CCC_DT":null,"FAC_DT":null,"WORK_ORDER_NUMBERS":null,"GROUP_PROJECT_NUMBERS":null,"HIST_CREATE_ID":null,"HIST_REVISION_ID":"3381b313-edfb-4f5f-960b-42d14a43d8d5","HIST_EFF_DT":null,"HIST_EXP_DT":null,"COMPTYPE":66,"COMPKEY":null,"ADDRKEY":null,"EXPBY":null,"EXPDATE":null,"GLOBALID_GUID":"3cf0f803-2d88-49a3-a857-b760deafcb46","SHAPE__Area":304.4375,"SHAPE__Length":89.741414267123787}},{"type":"Feature","id":322,"geometry":{"type":"Polygon","coordinates":[[[-114.068723434647,51.0467730716591],[-114.068949257842,51.0465572489227],[-114.069047022308,51.0465599438664],[-114.06882670145,51.046773775922],[-114.068723434647,51.0467730716591]]]},"properties":{"OBJECTID":322,"BRIDGE_NO":"1537","BRIDGE_NAME":"1537","POSTED_CLEARANCE":"4.7","LOCATION":"First Canadian Centre - TD Square","EOR":" ","SCHEDULE":"A","CONST_DEC":"1980","PED_201212":16826,"PED_EST":18509,"CONN_TYPE":"Bridge","CROSS_LOC":"7 Avenue/2-3 Streets SW","IMPACTED":0,"CA_REPORT":"MMM-2016","STREET_CRO":"7 Avenue","CITY_OWNED":"Yes","STATUS":"Original","CROSS_ROW":"Yes","UNITID":"1110029983","GLOBALID":"65d01c2d-95e2-428d-85ee-1dc6dbeee1df","OWNER":"COC-RD-RM","STATUS_CD":"Active","ACQUISITION_METHOD":null,"ACQUISITION_DATE":null,"HYPERLINK":null,"MODIFY_REASON":null,"MODIFIED_DT":1615826067000,"MODIFIED_ACTION":"MODIFIED ATTRIBUTE","UNITTYPE":"BMPF","CREATED_DT":1469630805000,"PROGRAM_PROJECT":null,"DEVELOPMENT_AGREEMENT":null,"TI_HANDOFF_DATE":null,"CCC_DT":null,"FAC_DT":null,"WORK_ORDER_NUMBERS":null,"GROUP_PROJECT_NUMBERS":null,"HIST_CREATE_ID":null,"HIST_REVISION_ID":"28084b14-ce73-4589-bf87-e30ec41ae8bb","HIST_EFF_DT":null,"HIST_EXP_DT":null,"COMPTYPE":66,"COMPKEY":870012,"ADDRKEY":"1","EXPBY":null,"EXPDATE":null,"GLOBALID_GUID":"65d01c2d-95e2-428d-85ee-1dc6dbeee1df","SHAPE__Area":433.109375,"SHAPE__Length":113.24385817820976}},{"type":"Feature","id":323,"geometry":{"type":"Polygon","coordinates":[[[-114.053539681754,51.0446759168861],[-114.053365760754,51.0446635015923],[-114.053165001026,51.0446619812233],[-114.053182158726,51.0445704821913],[-114.053368869065,51.0445861156383],[-114.053545338799,51.0445916777843],[-114.053539681754,51.0446759168861]]]},"properties":{"OBJECTID":323,"BRIDGE_NO":"P1508","BRIDGE_NAME":"P1508","POSTED_CLEARANCE":" ","LOCATION":"National Music Centre","EOR":" ","SCHEDULE":"Future","CONST_DEC":"post-2000","PED_201212":0,"PED_EST":0,"CONN_TYPE":"Bridge","CROSS_LOC":"4 Street/8-9 Avenues SE","IMPACTED":0,"CA_REPORT":" ","STREET_CRO":"4 Street","CITY_OWNED":"No","STATUS":"Private","CROSS_ROW":"Yes","UNITID":"1110029986","GLOBALID":"c6ee63e9-42f9-44b7-bee9-ae6e05238bb5","OWNER":"OTH-PRIVATE","STATUS_CD":"Active","ACQUISITION_METHOD":null,"ACQUISITION_DATE":null,"HYPERLINK":null,"MODIFY_REASON":null,"MODIFIED_DT":1615826069000,"MODIFIED_ACTION":"MODIFIED ATTRIBUTE","UNITTYPE":"BMPF","CREATED_DT":1469630805000,"PROGRAM_PROJECT":null,"DEVELOPMENT_AGREEMENT":null,"TI_HANDOFF_DATE":null,"CCC_DT":null,"FAC_DT":null,"WORK_ORDER_NUMBERS":null,"GROUP_PROJECT_NUMBERS":null,"HIST_CREATE_ID":null,"HIST_REVISION_ID":"56798521-1607-4d6b-a68c-b33a4d353c78","HIST_EFF_DT":null,"HIST_EXP_DT":null,"COMPTYPE":66,"COMPKEY":870078,"ADDRKEY":"1","EXPBY":null,"EXPDATE":null,"GLOBALID_GUID":"c6ee63e9-42f9-44b7-bee9-ae6e05238bb5","SHAPE__Area":603.984375,"SHAPE__Length":113.71395247777099}},{"type":"Feature","id":324,"geometry":{"type":"Polygon","coordinates":[[[-114.06748850733,51.0508089352301],[-114.067486525346,51.0507435271309],[-114.067745044264,51.050761215897],[-114.067747005795,51.0508123537132],[-114.06748850733,51.0508089352301]]]},"properties":{"OBJECTID":324,"BRIDGE_NO":"1590","BRIDGE_NAME":"1590","POSTED_CLEARANCE":"6.0","LOCATION":"City Centre - Livingston Place","EOR":" ","SCHEDULE":"Future","CONST_DEC":"post-2000","PED_201212":0,"PED_EST":0,"CONN_TYPE":"Bridge","CROSS_LOC":"2 Street/2-3 Avenues SW","IMPACTED":0,"CA_REPORT":" ","STREET_CRO":"2 Street","CITY_OWNED":"Yes","STATUS":"Original","CROSS_ROW":"Yes","UNITID":"1110029926","GLOBALID":"1482818a-b898-4d86-9cb0-09b839dcf7bb","OWNER":"COC-RD-RM","STATUS_CD":"Active","ACQUISITION_METHOD":null,"ACQUISITION_DATE":null,"HYPERLINK":null,"MODIFY_REASON":null,"MODIFIED_DT":1615826069000,"MODIFIED_ACTION":"MODIFIED ATTRIBUTE","UNITTYPE":"BMPF","CREATED_DT":1469630805000,"PROGRAM_PROJECT":null,"DEVELOPMENT_AGREEMENT":null,"TI_HANDOFF_DATE":null,"CCC_DT":null,"FAC_DT":null,"WORK_ORDER_NUMBERS":null,"GROUP_PROJECT_NUMBERS":null,"HIST_CREATE_ID":null,"HIST_REVISION_ID":"db18bb47-ed55-4131-a0b8-3b11921affa1","HIST_EFF_DT":null,"HIST_EXP_DT":null,"COMPTYPE":66,"COMPKEY":870094,"ADDRKEY":"1","EXPBY":null,"EXPDATE":null,"GLOBALID_GUID":"1482818a-b898-4d86-9cb0-09b839dcf7bb","SHAPE__Area":296.546875,"SHAPE__Length":78.373400478281653}},{"type":"Feature","id":325,"geometry":{"type":"Polygon","coordinates":[[[-114.068487843571,51.0503516749792],[-114.068467346765,51.050526509293],[-114.068448477286,51.0505253310037],[-114.068440997985,51.0505717169757],[-114.068365520007,51.0505670037833],[-114.068374890126,51.0505241847324],[-114.068357904066,51.0505206275442],[-114.068425569371,51.0503523191569],[-114.068487843571,51.0503516749792]]]},"properties":{"OBJECTID":325,"BRIDGE_NO":"1591","BRIDGE_NAME":"1591","POSTED_CLEARANCE":"5.5","LOCATION":"City Centre - Jamieson Place","EOR":" ","SCHEDULE":"Future","CONST_DEC":"post-2000","PED_201212":0,"PED_EST":0,"CONN_TYPE":"Bridge","CROSS_LOC":"3 Avenue/2-3 Streets SW","IMPACTED":0,"CA_REPORT":" ","STREET_CRO":"3 Avenue","CITY_OWNED":"Yes","STATUS":"Original","CROSS_ROW":"Yes","UNITID":"1110029951","GLOBALID":"aeb0e3b3-fc5c-4955-9f24-a0f64862182b","OWNER":"COC-RD-RM","STATUS_CD":"Active","ACQUISITION_METHOD":null,"ACQUISITION_DATE":null,"HYPERLINK":null,"MODIFY_REASON":null,"MODIFIED_DT":1615826067000,"MODIFIED_ACTION":"MODIFIED ATTRIBUTE","UNITTYPE":"BMPF","CREATED_DT":1469630805000,"PROGRAM_PROJECT":null,"DEVELOPMENT_AGREEMENT":null,"TI_HANDOFF_DATE":null,"CCC_DT":null,"FAC_DT":null,"WORK_ORDER_NUMBERS":null,"GROUP_PROJECT_NUMBERS":null,"HIST_CREATE_ID":null,"HIST_REVISION_ID":"d33ce290-beef-4176-a138-9bb925e202c1","HIST_EFF_DT":null,"HIST_EXP_DT":null,"COMPTYPE":66,"COMPKEY":870042,"ADDRKEY":"1","EXPBY":null,"EXPDATE":null,"GLOBALID_GUID":"aeb0e3b3-fc5c-4955-9f24-a0f64862182b","SHAPE__Area":360.8984375,"SHAPE__Length":97.175889192313974}},{"type":"Feature","id":326,"geometry":{"type":"Polygon","coordinates":[[[-114.056441764656,51.0446875632483],[-114.056444567475,51.0446516856617],[-114.056729845996,51.044660539079],[-114.056727044823,51.0446964166716],[-114.056441764656,51.0446875632483]]]},"properties":{"OBJECTID":326,"BRIDGE_NO":"1555","BRIDGE_NAME":"1555","POSTED_CLEARANCE":"na","LOCATION":"City Hall Parkade - Edwards Place","EOR":" ","SCHEDULE":"Future","CONST_DEC":"post-2000","PED_201212":0,"PED_EST":0,"CONN_TYPE":"Lane Link","CROSS_LOC":"Building connection N of 9 Avenue/2-3 Streets SE","IMPACTED":0,"CA_REPORT":" ","STREET_CRO":"Building","CITY_OWNED":"Yes","STATUS":"Original","CROSS_ROW":"No","UNITID":"1110029990","GLOBALID":"a60e7297-e474-4621-8832-5d2541fb4f64","OWNER":"COC-RD-RM","STATUS_CD":"Active","ACQUISITION_METHOD":null,"ACQUISITION_DATE":null,"HYPERLINK":null,"MODIFY_REASON":null,"MODIFIED_DT":1615826070000,"MODIFIED_ACTION":"MODIFIED ATTRIBUTE","UNITTYPE":"BMPF","CREATED_DT":1469630805000,"PROGRAM_PROJECT":null,"DEVELOPMENT_AGREEMENT":null,"TI_HANDOFF_DATE":null,"CCC_DT":null,"FAC_DT":null,"WORK_ORDER_NUMBERS":null,"GROUP_PROJECT_NUMBERS":null,"HIST_CREATE_ID":null,"HIST_REVISION_ID":"91cc98bf-2b63-452a-a295-8642db449a44","HIST_EFF_DT":null,"HIST_EXP_DT":null,"COMPTYPE":66,"COMPKEY":870050,"ADDRKEY":"1","EXPBY":null,"EXPDATE":null,"GLOBALID_GUID":"a60e7297-e474-4621-8832-5d2541fb4f64","SHAPE__Area":202.2265625,"SHAPE__Length":76.311837064313764}},{"type":"Feature","id":327,"geometry":{"type":"Polygon","coordinates":[[[-114.073999289038,51.0481135150825],[-114.074069646519,51.0481155489435],[-114.074062593302,51.0482098287105],[-114.073992505665,51.048207176181],[-114.073999289038,51.0481135150825]]]},"properties":{"OBJECTID":327,"BRIDGE_NO":"1547","BRIDGE_NAME":"1547","POSTED_CLEARANCE":" ","LOCATION":"Fifth & Fifth - Petex Building (600 6th AV SW)","EOR":" ","SCHEDULE":"A","CONST_DEC":"unknown","PED_201212":0,"PED_EST":0,"CONN_TYPE":"Lane Link","CROSS_LOC":"Lane connecting 5-6 Street/5-6 Avenues SW","IMPACTED":0,"CA_REPORT":"MMM-2016","STREET_CRO":"Lane connection","CITY_OWNED":"Yes","STATUS":"Original","CROSS_ROW":"Yes","UNITID":"1110029903","GLOBALID":"74013c0e-95da-459f-a64f-cdcdf3bb015d","OWNER":"COC-RD-RM","STATUS_CD":"Active","ACQUISITION_METHOD":null,"ACQUISITION_DATE":null,"HYPERLINK":null,"MODIFY_REASON":null,"MODIFIED_DT":1615826070000,"MODIFIED_ACTION":"MODIFIED ATTRIBUTE","UNITTYPE":"BMPF","CREATED_DT":1469630805000,"PROGRAM_PROJECT":null,"DEVELOPMENT_AGREEMENT":null,"TI_HANDOFF_DATE":null,"CCC_DT":null,"FAC_DT":null,"WORK_ORDER_NUMBERS":null,"GROUP_PROJECT_NUMBERS":null,"HIST_CREATE_ID":null,"HIST_REVISION_ID":"a6e89ce1-40fb-443f-80bd-a5155911f69a","HIST_EFF_DT":null,"HIST_EXP_DT":null,"COMPTYPE":66,"COMPKEY":870021,"ADDRKEY":"1","EXPBY":null,"EXPDATE":null,"GLOBALID_GUID":"74013c0e-95da-459f-a64f-cdcdf3bb015d","SHAPE__Area":130.3984375,"SHAPE__Length":48.9714343733351}},{"type":"Feature","id":328,"geometry":{"type":"Polygon","coordinates":[[[-114.08031118093,51.0483854357875],[-114.080342711839,51.0483843802994],[-114.080339109382,51.0484454230409],[-114.080309070784,51.0484435099929],[-114.08031118093,51.0483854357875]]]},"properties":{"OBJECTID":328,"BRIDGE_NO":"1531","BRIDGE_NAME":"1531","POSTED_CLEARANCE":"4.3","LOCATION":"Artium 1 - Atrium 2","EOR":" ","SCHEDULE":"Future","CONST_DEC":"unknown","PED_201212":0,"PED_EST":0,"CONN_TYPE":"Lane Link","CROSS_LOC":"Lane connecting 7-8 Streets/5-6 Avenues SW","IMPACTED":0,"CA_REPORT":" ","STREET_CRO":"Lane connection","CITY_OWNED":"Yes","STATUS":"Original","CROSS_ROW":"Yes","UNITID":"1110029934","GLOBALID":"77987053-9458-45dc-a07d-3dc117f05f51","OWNER":"COC-RD-RM","STATUS_CD":"Active","ACQUISITION_METHOD":null,"ACQUISITION_DATE":null,"HYPERLINK":null,"MODIFY_REASON":null,"MODIFIED_DT":1615826067000,"MODIFIED_ACTION":"MODIFIED ATTRIBUTE","UNITTYPE":"BMPF","CREATED_DT":1469630805000,"PROGRAM_PROJECT":null,"DEVELOPMENT_AGREEMENT":null,"TI_HANDOFF_DATE":null,"CCC_DT":null,"FAC_DT":null,"WORK_ORDER_NUMBERS":null,"GROUP_PROJECT_NUMBERS":null,"HIST_CREATE_ID":null,"HIST_REVISION_ID":"1b1d8d58-9c0f-40d4-9898-3a4dc4c2e6a6","HIST_EFF_DT":null,"HIST_EXP_DT":null,"COMPTYPE":66,"COMPKEY":870088,"ADDRKEY":"1","EXPBY":null,"EXPDATE":null,"GLOBALID_GUID":"77987053-9458-45dc-a07d-3dc117f05f51","SHAPE__Area":36.171875,"SHAPE__Length":27.978518143958226}},{"type":"Feature","id":329,"geometry":{"type":"Polygon","coordinates":[[[-114.06398300676,51.0486463898627],[-114.063986086867,51.048606729089],[-114.064255855453,51.048614354517],[-114.064253018958,51.0486536564737],[-114.06398300676,51.0486463898627]]]},"properties":{"OBJECTID":329,"BRIDGE_NO":"1588","BRIDGE_NAME":"1588","POSTED_CLEARANCE":"na","LOCATION":"James Short - TransCanada","EOR":" ","SCHEDULE":"A","CONST_DEC":"post-2000","PED_201212":0,"PED_EST":0,"CONN_TYPE":"Lane Link","CROSS_LOC":"Building connection N of 5 Avenue/Centre-1 St SW","IMPACTED":0,"CA_REPORT":"MMM-2016","STREET_CRO":"Building","CITY_OWNED":"Yes","STATUS":"Original","CROSS_ROW":"No","UNITID":"1110029947","GLOBALID":"0554ad9c-6d31-4188-b88c-a1994ba74acf","OWNER":"COC-RD-RM","STATUS_CD":"Active","ACQUISITION_METHOD":null,"ACQUISITION_DATE":null,"HYPERLINK":null,"MODIFY_REASON":null,"MODIFIED_DT":1615826067000,"MODIFIED_ACTION":"MODIFIED ATTRIBUTE","UNITTYPE":"BMPF","CREATED_DT":1469630805000,"PROGRAM_PROJECT":null,"DEVELOPMENT_AGREEMENT":null,"TI_HANDOFF_DATE":null,"CCC_DT":null,"FAC_DT":null,"WORK_ORDER_NUMBERS":null,"GROUP_PROJECT_NUMBERS":null,"HIST_CREATE_ID":null,"HIST_REVISION_ID":"112e63e6-db25-4c30-a7fe-0af21fa39589","HIST_EFF_DT":null,"HIST_EXP_DT":null,"COMPTYPE":66,"COMPKEY":870048,"ADDRKEY":"1","EXPBY":null,"EXPDATE":null,"GLOBALID_GUID":"0554ad9c-6d31-4188-b88c-a1994ba74acf","SHAPE__Area":210.4765625,"SHAPE__Length":74.143769323660123}},{"type":"Feature","id":330,"geometry":{"type":"MultiPolygon","coordinates":[[[[-114.070976508239,51.0490110948696],[-114.070974253119,51.0490631530594],[-114.070874954346,51.049060430093],[-114.070877435468,51.0490264887678],[-114.070877507621,51.0490111549442],[-114.070976508239,51.0490110948696]]],[[[-114.070976561009,51.0490110948375],[-114.070976508239,51.0490110948696],[-114.070976559191,51.0490099054975],[-114.070976561009,51.0490110948375]]]]},"properties":{"OBJECTID":330,"BRIDGE_NO":"P1503","BRIDGE_NAME":"P1503","POSTED_CLEARANCE":"na","LOCATION":"444 5th Av - Roslyn Building","EOR":" ","SCHEDULE":"na","CONST_DEC":"unknown","PED_201212":0,"PED_EST":0,"CONN_TYPE":"Walkway","CROSS_LOC":"Building connection 4-5 Avenues/3-4 Streets SW","IMPACTED":0,"CA_REPORT":" ","STREET_CRO":"Building","CITY_OWNED":"No","STATUS":"Private","CROSS_ROW":"No","UNITID":"1110029979","GLOBALID":"a8988eb2-51dd-49c2-80d0-6864d1d001cd","OWNER":"OTH-PRIVATE","STATUS_CD":"Active","ACQUISITION_METHOD":null,"ACQUISITION_DATE":null,"HYPERLINK":null,"MODIFY_REASON":null,"MODIFIED_DT":1615826067000,"MODIFIED_ACTION":"MODIFIED ATTRIBUTE","UNITTYPE":"BMPF","CREATED_DT":1469630805000,"PROGRAM_PROJECT":null,"DEVELOPMENT_AGREEMENT":null,"TI_HANDOFF_DATE":null,"CCC_DT":null,"FAC_DT":null,"WORK_ORDER_NUMBERS":null,"GROUP_PROJECT_NUMBERS":null,"HIST_CREATE_ID":null,"HIST_REVISION_ID":"b55ddc32-cfef-4488-9742-aaffeb2e86a9","HIST_EFF_DT":null,"HIST_EXP_DT":null,"COMPTYPE":66,"COMPKEY":870076,"ADDRKEY":"1","EXPBY":null,"EXPDATE":null,"GLOBALID_GUID":"a8988eb2-51dd-49c2-80d0-6864d1d001cd","SHAPE__Area":98.734375,"SHAPE__Length":40.465703848190344}},{"type":"Feature","id":331,"geometry":{"type":"Polygon","coordinates":[[[-114.071155117118,51.047233757137],[-114.071156286174,51.0471776605022],[-114.071229653016,51.0471799072973],[-114.071227960286,51.047234833789],[-114.071155117118,51.047233757137]]]},"properties":{"OBJECTID":331,"BRIDGE_NO":"P1504","BRIDGE_NAME":"P1504","POSTED_CLEARANCE":"na","LOCATION":"444 7th Av - 606 4th St","EOR":" ","SCHEDULE":"na","CONST_DEC":"unknown","PED_201212":0,"PED_EST":0,"CONN_TYPE":"Walkway","CROSS_LOC":"Building connection 3-4 Streets/6-7 Avenues SW","IMPACTED":0,"CA_REPORT":" ","STREET_CRO":"Building","CITY_OWNED":"No","STATUS":"Private","CROSS_ROW":"No","UNITID":"1110029996","GLOBALID":"24dd36e8-3d35-45af-ae37-33ad2fcc0a0c","OWNER":"OTH-PRIVATE","STATUS_CD":"Active","ACQUISITION_METHOD":null,"ACQUISITION_DATE":null,"HYPERLINK":null,"MODIFY_REASON":null,"MODIFIED_DT":1615826068000,"MODIFIED_ACTION":"MODIFIED ATTRIBUTE","UNITTYPE":"BMPF","CREATED_DT":1469630805000,"PROGRAM_PROJECT":null,"DEVELOPMENT_AGREEMENT":null,"TI_HANDOFF_DATE":null,"CCC_DT":null,"FAC_DT":null,"WORK_ORDER_NUMBERS":null,"GROUP_PROJECT_NUMBERS":null,"HIST_CREATE_ID":null,"HIST_REVISION_ID":"72cac4f3-311c-46ad-9c2c-ec8122a8ac09","HIST_EFF_DT":null,"HIST_EXP_DT":null,"COMPTYPE":66,"COMPKEY":870005,"ADDRKEY":"1","EXPBY":null,"EXPDATE":null,"GLOBALID_GUID":"24dd36e8-3d35-45af-ae37-33ad2fcc0a0c","SHAPE__Area":80.0546875,"SHAPE__Length":35.949340267655288}},{"type":"Feature","id":332,"geometry":{"type":"Polygon","coordinates":[[[-114.073463431654,51.0491966686759],[-114.071844188064,51.049151392455],[-114.07184842706,51.0490962971982],[-114.073467338414,51.0491419277646],[-114.073463431654,51.0491966686759]]]},"properties":{"OBJECTID":332,"BRIDGE_NO":"1530","BRIDGE_NAME":"1530","POSTED_CLEARANCE":"4.2","LOCATION":"Selkirk House, Aquitain Tower, Chevron Plaza","EOR":" ","SCHEDULE":"Future","CONST_DEC":"unknown","PED_201212":0,"PED_EST":0,"CONN_TYPE":"Lane Link","CROSS_LOC":"Lane connecting 4-5 Streets/4-5 Avenues SW","IMPACTED":0,"CA_REPORT":" ","STREET_CRO":"Lane connection","CITY_OWNED":"Yes","STATUS":"Original","CROSS_ROW":"Yes","UNITID":"1110029919","GLOBALID":"825e6ac1-4f31-4d68-9bbc-e33e300ff5ba","OWNER":"COC-RD-RM","STATUS_CD":"Active","ACQUISITION_METHOD":null,"ACQUISITION_DATE":null,"HYPERLINK":null,"MODIFY_REASON":null,"MODIFIED_DT":1615826069000,"MODIFIED_ACTION":"MODIFIED ATTRIBUTE","UNITTYPE":"BMPF","CREATED_DT":1469630805000,"PROGRAM_PROJECT":null,"DEVELOPMENT_AGREEMENT":null,"TI_HANDOFF_DATE":null,"CCC_DT":null,"FAC_DT":null,"WORK_ORDER_NUMBERS":null,"GROUP_PROJECT_NUMBERS":null,"HIST_CREATE_ID":null,"HIST_REVISION_ID":"5d724cf8-46c5-4e9a-a19c-c54a37a91acf","HIST_EFF_DT":null,"HIST_EXP_DT":null,"COMPTYPE":66,"COMPKEY":870015,"ADDRKEY":"1","EXPBY":null,"EXPDATE":null,"GLOBALID_GUID":"825e6ac1-4f31-4d68-9bbc-e33e300ff5ba","SHAPE__Area":1756.3828125,"SHAPE__Length":380.29952747079437}},{"type":"Feature","id":333,"geometry":{"type":"Polygon","coordinates":[[[-114.071854677187,51.0501022717427],[-114.071858189281,51.0500474358456],[-114.072451947726,51.0500642073261],[-114.072450024773,51.050121544097],[-114.071854677187,51.0501022717427]]]},"properties":{"OBJECTID":333,"BRIDGE_NO":"1550","BRIDGE_NAME":"1550","POSTED_CLEARANCE":"4.3","LOCATION":"Altius Centre - Eau Claire Place","EOR":" ","SCHEDULE":"Future","CONST_DEC":"unknown","PED_201212":0,"PED_EST":0,"CONN_TYPE":"Lane Link","CROSS_LOC":"Lane connecting 4-5 Streets/3-4 Avenues SW","IMPACTED":0,"CA_REPORT":" ","STREET_CRO":"Lane connection","CITY_OWNED":"Yes","STATUS":"Original","CROSS_ROW":"Yes","UNITID":"1110029989","GLOBALID":"5ace7241-e963-4a31-a15b-7c47678ec465","OWNER":"COC-RD-RM","STATUS_CD":"Active","ACQUISITION_METHOD":null,"ACQUISITION_DATE":null,"HYPERLINK":null,"MODIFY_REASON":null,"MODIFIED_DT":1615826069000,"MODIFIED_ACTION":"MODIFIED ATTRIBUTE","UNITTYPE":"BMPF","CREATED_DT":1469630805000,"PROGRAM_PROJECT":null,"DEVELOPMENT_AGREEMENT":null,"TI_HANDOFF_DATE":null,"CCC_DT":null,"FAC_DT":null,"WORK_ORDER_NUMBERS":null,"GROUP_PROJECT_NUMBERS":null,"HIST_CREATE_ID":null,"HIST_REVISION_ID":"1b471f0f-0df8-4e79-976a-080f6864d633","HIST_EFF_DT":null,"HIST_EXP_DT":null,"COMPTYPE":66,"COMPKEY":870100,"ADDRKEY":"1","EXPBY":null,"EXPDATE":null,"GLOBALID_GUID":"5ace7241-e963-4a31-a15b-7c47678ec465","SHAPE__Area":658.3046875,"SHAPE__Length":152.39879635652193}},{"type":"Feature","id":334,"geometry":{"type":"Polygon","coordinates":[[[-114.066819845461,51.0465018081041],[-114.066819900992,51.0467118918171],[-114.066689711422,51.0467048301225],[-114.066690221273,51.0464987546084],[-114.066819845461,51.0465018081041]]]},"properties":{"OBJECTID":334,"BRIDGE_NO":"1540","BRIDGE_NAME":"1540","POSTED_CLEARANCE":" ","LOCATION":"225 Sixth - Scotia Centre","EOR":" ","SCHEDULE":"Future","CONST_DEC":"post-2000","PED_201212":0,"PED_EST":0,"CONN_TYPE":"Bridge","CROSS_LOC":"7 Avenue/1-2 Streets SW","IMPACTED":0,"CA_REPORT":" ","STREET_CRO":"7 Avenue","CITY_OWNED":"Yes","STATUS":"Under construction","CROSS_ROW":"Yes","UNITID":"1110029943","GLOBALID":"738db308-b4bd-4303-a3fe-0fa17e3ba4a2","OWNER":"COC-RD-RM","STATUS_CD":"Active","ACQUISITION_METHOD":null,"ACQUISITION_DATE":null,"HYPERLINK":null,"MODIFY_REASON":null,"MODIFIED_DT":1615826067000,"MODIFIED_ACTION":"MODIFIED ATTRIBUTE","UNITTYPE":"BMPF","CREATED_DT":1469630805000,"PROGRAM_PROJECT":null,"DEVELOPMENT_AGREEMENT":null,"TI_HANDOFF_DATE":null,"CCC_DT":null,"FAC_DT":null,"WORK_ORDER_NUMBERS":null,"GROUP_PROJECT_NUMBERS":null,"HIST_CREATE_ID":null,"HIST_REVISION_ID":"3269f89b-d72e-4c81-bea5-f5f5fedc9b0f","HIST_EFF_DT":null,"HIST_EXP_DT":null,"COMPTYPE":66,"COMPKEY":870062,"ADDRKEY":"1","EXPBY":null,"EXPDATE":null,"GLOBALID_GUID":"738db308-b4bd-4303-a3fe-0fa17e3ba4a2","SHAPE__Area":532.8359375,"SHAPE__Length":102.67413602766104}},{"type":"Feature","id":335,"geometry":{"type":"Polygon","coordinates":[[[-114.071317681574,51.0500729390197],[-114.071320259549,51.0500344452342],[-114.071744879351,51.050051705451],[-114.071742250566,51.0500912411864],[-114.071317681574,51.0500729390197]]]},"properties":{"OBJECTID":335,"BRIDGE_NO":"1593","BRIDGE_NAME":"1593","POSTED_CLEARANCE":"5.2","LOCATION":"Altius Centre - Shell Centre","EOR":" ","SCHEDULE":"Future","CONST_DEC":"post-2000","PED_201212":1618,"PED_EST":1780,"CONN_TYPE":"Bridge","CROSS_LOC":"4 Street/2-3 Avenues SW","IMPACTED":0,"CA_REPORT":" ","STREET_CRO":"4 Street","CITY_OWNED":"Yes","STATUS":"Rebuilt","CROSS_ROW":"Yes","UNITID":"1110029899","GLOBALID":"24e3884c-25c7-4eee-8f72-fb4ee12f636a","OWNER":"COC-RD-RM","STATUS_CD":"Active","ACQUISITION_METHOD":null,"ACQUISITION_DATE":null,"HYPERLINK":null,"MODIFY_REASON":null,"MODIFIED_DT":1615826070000,"MODIFIED_ACTION":"MODIFIED ATTRIBUTE","UNITTYPE":"BMPF","CREATED_DT":1469630805000,"PROGRAM_PROJECT":null,"DEVELOPMENT_AGREEMENT":null,"TI_HANDOFF_DATE":null,"CCC_DT":null,"FAC_DT":null,"WORK_ORDER_NUMBERS":null,"GROUP_PROJECT_NUMBERS":null,"HIST_CREATE_ID":null,"HIST_REVISION_ID":"d89130cf-194a-4a3d-8605-b61b02cea915","HIST_EFF_DT":null,"HIST_EXP_DT":null,"COMPTYPE":66,"COMPKEY":870044,"ADDRKEY":"1","EXPBY":null,"EXPDATE":null,"GLOBALID_GUID":"24e3884c-25c7-4eee-8f72-fb4ee12f636a","SHAPE__Area":327.4609375,"SHAPE__Length":108.5705517514854}},{"type":"Feature","id":336,"geometry":{"type":"Polygon","coordinates":[[[-114.056692666484,51.0474663092709],[-114.056629892385,51.0474644689388],[-114.056649925731,51.0471571857448],[-114.056713683362,51.0471589536712],[-114.056692666484,51.0474663092709]]]},"properties":{"OBJECTID":336,"BRIDGE_NO":"1594","BRIDGE_NAME":"1594","POSTED_CLEARANCE":"4.6","LOCATION":"Bow Valley College (S) - Bow Valley College (N)","EOR":"RJC","SCHEDULE":"A","CONST_DEC":"post-2000","PED_201212":0,"PED_EST":0,"CONN_TYPE":"Bridge","CROSS_LOC":"6 Avenue/2-3 Streets SE","IMPACTED":2,"CA_REPORT":"MMM-2016","STREET_CRO":"6 Avenue","CITY_OWNED":"Yes","STATUS":"Rebuilt","CROSS_ROW":"Yes","UNITID":"1110029940","GLOBALID":"a2b831be-8eb4-4d0b-be80-c19d88e0df19","OWNER":"COC-RD-RM","STATUS_CD":"Active","ACQUISITION_METHOD":null,"ACQUISITION_DATE":null,"HYPERLINK":null,"MODIFY_REASON":null,"MODIFIED_DT":1615826067000,"MODIFIED_ACTION":"MODIFIED ATTRIBUTE","UNITTYPE":"BMPF","CREATED_DT":1469630805000,"PROGRAM_PROJECT":null,"DEVELOPMENT_AGREEMENT":null,"TI_HANDOFF_DATE":null,"CCC_DT":null,"FAC_DT":null,"WORK_ORDER_NUMBERS":null,"GROUP_PROJECT_NUMBERS":null,"HIST_CREATE_ID":null,"HIST_REVISION_ID":"947c9872-fa70-4bdf-95e4-f0015c73bfa9","HIST_EFF_DT":null,"HIST_EXP_DT":null,"COMPTYPE":66,"COMPKEY":870077,"ADDRKEY":"1","EXPBY":null,"EXPDATE":null,"GLOBALID_GUID":"a2b831be-8eb4-4d0b-be80-c19d88e0df19","SHAPE__Area":383.96875,"SHAPE__Length":123.02939182706751}},{"type":"Feature","id":641,"geometry":{"type":"Polygon","coordinates":[[[-114.071736704101,51.0440326294169],[-114.071347317979,51.0440290615044],[-114.071356268098,51.0439605542504],[-114.0717275459,51.0439660354755],[-114.071736704101,51.0440326294169]]]},"properties":{"OBJECTID":641,"BRIDGE_NO":"1595 CP","BRIDGE_NAME":"1595 CP","POSTED_CLEARANCE":" ","LOCATION":"Place 10 - CPA Lot 25","EOR":" ","SCHEDULE":"Future/B","CONST_DEC":"post-2000","PED_201212":0,"PED_EST":0,"CONN_TYPE":"Bridge","CROSS_LOC":"4 Street/9-10 Avenues SW","IMPACTED":0,"CA_REPORT":" ","STREET_CRO":"4 Street","CITY_OWNED":"Yes","STATUS":"Not constructed","CROSS_ROW":"Yes","UNITID":"1110029908","GLOBALID":"cdbaea1c-7d23-4024-ab9e-42845f819789","OWNER":"COC-RD-RM","STATUS_CD":"Future","ACQUISITION_METHOD":null,"ACQUISITION_DATE":null,"HYPERLINK":null,"MODIFY_REASON":null,"MODIFIED_DT":1615826069000,"MODIFIED_ACTION":"MODIFIED ATTRIBUTE","UNITTYPE":"BMPF","CREATED_DT":1469630805000,"PROGRAM_PROJECT":null,"DEVELOPMENT_AGREEMENT":null,"TI_HANDOFF_DATE":null,"CCC_DT":null,"FAC_DT":null,"WORK_ORDER_NUMBERS":null,"GROUP_PROJECT_NUMBERS":null,"HIST_CREATE_ID":null,"HIST_REVISION_ID":"8136b3f5-f7fa-49fb-8e61-3ee1a38a4dc8","HIST_EFF_DT":null,"HIST_EXP_DT":null,"COMPTYPE":66,"COMPKEY":870055,"ADDRKEY":"1","EXPBY":null,"EXPDATE":null,"GLOBALID_GUID":"cdbaea1c-7d23-4024-ab9e-42845f819789","SHAPE__Area":506.359375,"SHAPE__Length":108.69808583662441}},{"type":"Feature","id":642,"geometry":{"type":"Polygon","coordinates":[[[-114.063495804117,51.0470191647114],[-114.063499066047,51.0469589317395],[-114.063628732339,51.0469607059168],[-114.063624269327,51.0470226952406],[-114.063495804117,51.0470191647114]]]},"properties":{"OBJECTID":642,"BRIDGE_NO":"1598","BRIDGE_NAME":"1598","POSTED_CLEARANCE":" ","LOCATION":"Hanover Place - Telus Sky","EOR":" ","SCHEDULE":"Future","CONST_DEC":"post-2000","PED_201212":0,"PED_EST":0,"CONN_TYPE":"Lane Link","CROSS_LOC":"Lane connecting Centre-1 Streets/6-7 Avenues SW","IMPACTED":0,"CA_REPORT":" ","STREET_CRO":"Lane connection","CITY_OWNED":"Yes","STATUS":"Not constructed","CROSS_ROW":"Yes","UNITID":"1110029999","GLOBALID":"d2085032-7be0-47c4-86da-2d7ae5cd443b","OWNER":"COC-RD-RM","STATUS_CD":"Active","ACQUISITION_METHOD":null,"ACQUISITION_DATE":null,"HYPERLINK":null,"MODIFY_REASON":null,"MODIFIED_DT":1615826069000,"MODIFIED_ACTION":"MODIFIED ATTRIBUTE","UNITTYPE":"BMPF","CREATED_DT":1469630805000,"PROGRAM_PROJECT":null,"DEVELOPMENT_AGREEMENT":null,"TI_HANDOFF_DATE":null,"CCC_DT":null,"FAC_DT":null,"WORK_ORDER_NUMBERS":null,"GROUP_PROJECT_NUMBERS":null,"HIST_CREATE_ID":null,"HIST_REVISION_ID":"dc0b384d-3f5c-46b0-abf7-530a1376904f","HIST_EFF_DT":null,"HIST_EXP_DT":null,"COMPTYPE":66,"COMPKEY":870098,"ADDRKEY":"1","EXPBY":null,"EXPDATE":null,"GLOBALID_GUID":"d2085032-7be0-47c4-86da-2d7ae5cd443b","SHAPE__Area":155.671875,"SHAPE__Length":50.411195010629513}},{"type":"Feature","id":644,"geometry":{"type":"Polygon","coordinates":[[[-114.075557772361,51.0464091194429],[-114.074840956908,51.0463964951701],[-114.074857834124,51.0463322644085],[-114.075559706701,51.0463603551852],[-114.075557772361,51.0464091194429]]]},"properties":{"OBJECTID":644,"BRIDGE_NO":"1599","BRIDGE_NAME":"1599","POSTED_CLEARANCE":" ","LOCATION":"707 Fifth - Encore Place","EOR":" ","SCHEDULE":"Future","CONST_DEC":"post-2000","PED_201212":0,"PED_EST":0,"CONN_TYPE":"Lane Link","CROSS_LOC":"Lane connecting 5-6 Streets/7-8 Avenues SW","IMPACTED":0,"CA_REPORT":" ","STREET_CRO":"Lane connection","CITY_OWNED":"Yes","STATUS":"Under construction","CROSS_ROW":"Yes","UNITID":"1110029954","GLOBALID":"f196dcd1-7b69-41bf-bc83-420a69e80e0e","OWNER":"COC-RD-RM","STATUS_CD":"Active","ACQUISITION_METHOD":null,"ACQUISITION_DATE":null,"HYPERLINK":null,"MODIFY_REASON":null,"MODIFIED_DT":1615826069000,"MODIFIED_ACTION":"MODIFIED ATTRIBUTE","UNITTYPE":"BMPF","CREATED_DT":1469630805000,"PROGRAM_PROJECT":null,"DEVELOPMENT_AGREEMENT":null,"TI_HANDOFF_DATE":null,"CCC_DT":null,"FAC_DT":null,"WORK_ORDER_NUMBERS":null,"GROUP_PROJECT_NUMBERS":null,"HIST_CREATE_ID":null,"HIST_REVISION_ID":"55181090-bac8-472e-b341-cd8ab0ed12a6","HIST_EFF_DT":null,"HIST_EXP_DT":null,"COMPTYPE":66,"COMPKEY":870058,"ADDRKEY":"1","EXPBY":null,"EXPDATE":null,"GLOBALID_GUID":"f196dcd1-7b69-41bf-bc83-420a69e80e0e","SHAPE__Area":793.703125,"SHAPE__Length":178.28142682696148}},{"type":"Feature","id":645,"geometry":{"type":"Polygon","coordinates":[[[-114.059861345973,51.0471327215665],[-114.059863293197,51.0470822504214],[-114.059866950952,51.0469868845814],[-114.059753728703,51.0469080360513],[-114.05946162189,51.0468992914775],[-114.05946504063,51.0468661167307],[-114.059996183644,51.0468826812706],[-114.06002212033,51.0468835363625],[-114.060030215384,51.0468838036951],[-114.060028365229,51.0469066142907],[-114.06002489709,51.0469509138716],[-114.060024735931,51.0469509094595],[-114.060016692325,51.0469507337953],[-114.060011433031,51.0470315191192],[-114.060016995136,51.047031660998],[-114.060015876836,51.0470491555889],[-114.059915687211,51.0470462835296],[-114.059912454976,51.0470833947963],[-114.059909361896,51.0471189336874],[-114.05990693735,51.0471188450328],[-114.059902933461,51.0471669340547],[-114.059923541949,51.0471675527721],[-114.059920989367,51.0472041881331],[-114.059856301247,51.0472031685804],[-114.059861345973,51.0471327215665]]]},"properties":{"OBJECTID":645,"BRIDGE_NO":"P1507","BRIDGE_NAME":"P1507","POSTED_CLEARANCE":" ","LOCATION":"Carter Place - Rocky Mountian Court","EOR":" ","SCHEDULE":"na","CONST_DEC":"unknown","PED_201212":0,"PED_EST":0,"CONN_TYPE":"Walkway","CROSS_LOC":"Building connection 1-2 Streets/6-7 Avenues SW","IMPACTED":0,"CA_REPORT":" ","STREET_CRO":"Building","CITY_OWNED":"No","STATUS":"Private","CROSS_ROW":"No","UNITID":"1110029957","GLOBALID":"e6c8bf18-1f97-4e45-b908-30285a5120d9","OWNER":"OTH-PRIVATE","STATUS_CD":"Active","ACQUISITION_METHOD":null,"ACQUISITION_DATE":null,"HYPERLINK":null,"MODIFY_REASON":null,"MODIFIED_DT":1615826069000,"MODIFIED_ACTION":"MODIFIED ATTRIBUTE","UNITTYPE":"BMPF","CREATED_DT":1469630805000,"PROGRAM_PROJECT":null,"DEVELOPMENT_AGREEMENT":null,"TI_HANDOFF_DATE":null,"CCC_DT":null,"FAC_DT":null,"WORK_ORDER_NUMBERS":null,"GROUP_PROJECT_NUMBERS":null,"HIST_CREATE_ID":null,"HIST_REVISION_ID":"466d09a3-3d32-49dd-acc8-c81c99e4ae40","HIST_EFF_DT":null,"HIST_EXP_DT":null,"COMPTYPE":66,"COMPKEY":870006,"ADDRKEY":"1","EXPBY":null,"EXPDATE":null,"GLOBALID_GUID":"e6c8bf18-1f97-4e45-b908-30285a5120d9","SHAPE__Area":1008.4296875,"SHAPE__Length":238.24593389243844}},{"type":"Feature","id":646,"geometry":{"type":"Polygon","coordinates":[[[-114.072636800086,51.0487952851007],[-114.072662885541,51.0487819200388],[-114.072730440501,51.0487833046927],[-114.072871209786,51.0487916808453],[-114.072869333856,51.048820452743],[-114.072691175595,51.0488148498048],[-114.072636800086,51.0487952851007]]]},"properties":{"OBJECTID":646,"BRIDGE_NO":"P1502","BRIDGE_NAME":"P1502","POSTED_CLEARANCE":" ","LOCATION":"Aquitain Tower - 520 5th Av","EOR":" ","SCHEDULE":"na","CONST_DEC":"unknown","PED_201212":0,"PED_EST":0,"CONN_TYPE":"Walkway","CROSS_LOC":"Building connection 5-6 Streets/5 Avenue SW","IMPACTED":0,"CA_REPORT":" ","STREET_CRO":"Building","CITY_OWNED":"No","STATUS":"Private","CROSS_ROW":"No","UNITID":"1110029950","GLOBALID":"847ab6e6-8d6e-43c7-879b-d42fae3060bb","OWNER":"OTH-PRIVATE","STATUS_CD":"Active","ACQUISITION_METHOD":null,"ACQUISITION_DATE":null,"HYPERLINK":null,"MODIFY_REASON":null,"MODIFIED_DT":1615826067000,"MODIFIED_ACTION":"MODIFIED ATTRIBUTE","UNITTYPE":"BMPF","CREATED_DT":1469630805000,"PROGRAM_PROJECT":null,"DEVELOPMENT_AGREEMENT":null,"TI_HANDOFF_DATE":null,"CCC_DT":null,"FAC_DT":null,"WORK_ORDER_NUMBERS":null,"GROUP_PROJECT_NUMBERS":null,"HIST_CREATE_ID":null,"HIST_REVISION_ID":"752268ee-3f2c-4b83-84bb-d203d3dae12e","HIST_EFF_DT":null,"HIST_EXP_DT":null,"COMPTYPE":66,"COMPKEY":870017,"ADDRKEY":"1","EXPBY":null,"EXPDATE":null,"GLOBALID_GUID":"847ab6e6-8d6e-43c7-879b-d42fae3060bb","SHAPE__Area":131.359375,"SHAPE__Length":58.941347882070247}},{"type":"Feature","id":647,"geometry":{"type":"Polygon","coordinates":[[[-114.073941527305,51.0512061446842],[-114.073227131777,51.0511892676253],[-114.073232776589,51.0511492652054],[-114.073951773811,51.0511507695851],[-114.073941527305,51.0512061446842]]]},"properties":{"OBJECTID":647,"BRIDGE_NO":"1571","BRIDGE_NAME":"1571","POSTED_CLEARANCE":"4.8","LOCATION":"Eau Claire Plaza - Centennial Place 2","EOR":" ","SCHEDULE":"Future","CONST_DEC":"post-2000","PED_201212":0,"PED_EST":0,"CONN_TYPE":"Bridge","CROSS_LOC":"5 Street/2-3 Avenues SW","IMPACTED":0,"CA_REPORT":" ","STREET_CRO":"5 Street","CITY_OWNED":"Yes","STATUS":"Original","CROSS_ROW":"Yes","UNITID":"1110029959","GLOBALID":"745109cd-4dc4-4b74-af8e-f9f54d8ed878","OWNER":"COC-RD-RM","STATUS_CD":"Active","ACQUISITION_METHOD":null,"ACQUISITION_DATE":null,"HYPERLINK":null,"MODIFY_REASON":null,"MODIFIED_DT":1615826069000,"MODIFIED_ACTION":"MODIFIED ATTRIBUTE","UNITTYPE":"BMPF","CREATED_DT":1469630805000,"PROGRAM_PROJECT":null,"DEVELOPMENT_AGREEMENT":null,"TI_HANDOFF_DATE":null,"CCC_DT":null,"FAC_DT":null,"WORK_ORDER_NUMBERS":null,"GROUP_PROJECT_NUMBERS":null,"HIST_CREATE_ID":null,"HIST_REVISION_ID":"4620bebf-4a12-425f-bc40-1208cc14bcc9","HIST_EFF_DT":null,"HIST_EXP_DT":null,"COMPTYPE":66,"COMPKEY":870097,"ADDRKEY":"1","EXPBY":null,"EXPDATE":null,"GLOBALID_GUID":"745109cd-4dc4-4b74-af8e-f9f54d8ed878","SHAPE__Area":675.203125,"SHAPE__Length":176.60487928418257}},{"type":"Feature","id":648,"geometry":{"type":"Polygon","coordinates":[[[-114.074997205662,51.0482896162315],[-114.074289105859,51.0482711648264],[-114.073879048615,51.0482567714715],[-114.073882395782,51.0482092226749],[-114.073882759435,51.0482047275801],[-114.073992505665,51.048207176181],[-114.074062593302,51.0482098287105],[-114.074239077165,51.0482158405537],[-114.074238456026,51.0482287502003],[-114.074259863971,51.0482294557795],[-114.074258958538,51.0482429499392],[-114.074280650514,51.0482437901801],[-114.074279604482,51.0482585429915],[-114.074998808876,51.0482791403698],[-114.075001085251,51.0482642546135],[-114.075021051149,51.0482648261327],[-114.075022684192,51.0482507480666],[-114.075043862401,51.0482513637524],[-114.075045140636,51.0482383637824],[-114.075152156474,51.0482411726366],[-114.075805024741,51.048260444844],[-114.075799116117,51.0483172448898],[-114.074997003863,51.0482909441441],[-114.074997205662,51.0482896162315]]]},"properties":{"OBJECTID":648,"BRIDGE_NO":"1521","BRIDGE_NAME":"1521","POSTED_CLEARANCE":" ","LOCATION":"Five Ten Fifth, Standard Life Tower, Petex","EOR":" ","SCHEDULE":"Future","CONST_DEC":"unknown","PED_201212":0,"PED_EST":0,"CONN_TYPE":"Lane Link","CROSS_LOC":"Lane connecting 5-6 Streets/5-6 Avenues SW","IMPACTED":0,"CA_REPORT":" ","STREET_CRO":"Lane connection","CITY_OWNED":"Yes","STATUS":"Original","CROSS_ROW":"Yes","UNITID":"1110029897","GLOBALID":"006cd54a-9d4e-4f4f-9885-e97091d7abb0","OWNER":"COC-RD-RM","STATUS_CD":"Active","ACQUISITION_METHOD":null,"ACQUISITION_DATE":null,"HYPERLINK":null,"MODIFY_REASON":null,"MODIFIED_DT":1615826069000,"MODIFIED_ACTION":"MODIFIED ATTRIBUTE","UNITTYPE":"BMPF","CREATED_DT":1469630805000,"PROGRAM_PROJECT":null,"DEVELOPMENT_AGREEMENT":null,"TI_HANDOFF_DATE":null,"CCC_DT":null,"FAC_DT":null,"WORK_ORDER_NUMBERS":null,"GROUP_PROJECT_NUMBERS":null,"HIST_CREATE_ID":null,"HIST_REVISION_ID":"f9fa9f4c-4c24-4582-9ab3-48d254769df0","HIST_EFF_DT":null,"HIST_EXP_DT":null,"COMPTYPE":66,"COMPKEY":870041,"ADDRKEY":"1","EXPBY":null,"EXPDATE":null,"GLOBALID_GUID":"006cd54a-9d4e-4f4f-9885-e97091d7abb0","SHAPE__Area":1427.953125,"SHAPE__Length":462.24236248022481}},{"type":"Feature","id":649,"geometry":{"type":"Polygon","coordinates":[[[-113.955628662191,51.0764363445471],[-113.955562557634,51.076466051024],[-113.955213528337,51.0762340109187],[-113.955204107183,51.0762161681771],[-113.955232430901,51.0762102332488],[-113.955232448115,51.0761923941234],[-113.955628662191,51.0764363445471]]]},"properties":{"OBJECTID":649,"BRIDGE_NO":"1557","BRIDGE_NAME":"1557","POSTED_CLEARANCE":"4.5","LOCATION":"Lester B. Pearson - VSLC","EOR":" ","SCHEDULE":"Future","CONST_DEC":"1990","PED_201212":0,"PED_EST":0,"CONN_TYPE":"Bridge","CROSS_LOC":"26 Avenue east of 52 Street NE","IMPACTED":0,"CA_REPORT":" ","STREET_CRO":"26 Avenue","CITY_OWNED":"Yes","STATUS":"Original","CROSS_ROW":"Yes","UNITID":"1110029964","GLOBALID":"db440005-bfb6-479e-b817-2f04df30bd8b","OWNER":"COC-RD-RM","STATUS_CD":"Active","ACQUISITION_METHOD":null,"ACQUISITION_DATE":null,"HYPERLINK":null,"MODIFY_REASON":null,"MODIFIED_DT":1615826067000,"MODIFIED_ACTION":"MODIFIED ATTRIBUTE","UNITTYPE":"BMPF","CREATED_DT":1469630805000,"PROGRAM_PROJECT":null,"DEVELOPMENT_AGREEMENT":null,"TI_HANDOFF_DATE":null,"CCC_DT":null,"FAC_DT":null,"WORK_ORDER_NUMBERS":null,"GROUP_PROJECT_NUMBERS":null,"HIST_CREATE_ID":null,"HIST_REVISION_ID":"12d769a4-ebc4-4d89-8d60-6b5d0f21e84c","HIST_EFF_DT":null,"HIST_EXP_DT":null,"COMPTYPE":66,"COMPKEY":870022,"ADDRKEY":"1","EXPBY":null,"EXPDATE":null,"GLOBALID_GUID":"db440005-bfb6-479e-b817-2f04df30bd8b","SHAPE__Area":463.8671875,"SHAPE__Length":137.18452641975853}},{"type":"Feature","id":650,"geometry":{"type":"Polygon","coordinates":[[[-114.066684214316,51.0476667201059],[-114.066703139735,51.0474336280679],[-114.066775380828,51.0474383585681],[-114.066752029294,51.0476686852076],[-114.066684214316,51.0476667201059]]]},"properties":{"OBJECTID":650,"BRIDGE_NO":"1558","BRIDGE_NAME":"1558","POSTED_CLEARANCE":"5.2","LOCATION":"225 Sixth - Bow Valley Square","EOR":" ","SCHEDULE":"Future","CONST_DEC":"post-2000","PED_201212":0,"PED_EST":0,"CONN_TYPE":"Bridge","CROSS_LOC":"6 Avenue/1-2 Streets SW","IMPACTED":0,"CA_REPORT":" ","STREET_CRO":"6 Avenue","CITY_OWNED":"Yes","STATUS":"Under construction","CROSS_ROW":"Yes","UNITID":"1110029971","GLOBALID":"d0570f9d-734f-4c7e-9567-9ea462b0c9b3","OWNER":"COC-RD-RM","STATUS_CD":"Active","ACQUISITION_METHOD":null,"ACQUISITION_DATE":null,"HYPERLINK":null,"MODIFY_REASON":null,"MODIFIED_DT":1615826067000,"MODIFIED_ACTION":"MODIFIED ATTRIBUTE","UNITTYPE":"BMPF","CREATED_DT":1469630805000,"PROGRAM_PROJECT":null,"DEVELOPMENT_AGREEMENT":null,"TI_HANDOFF_DATE":null,"CCC_DT":null,"FAC_DT":null,"WORK_ORDER_NUMBERS":null,"GROUP_PROJECT_NUMBERS":null,"HIST_CREATE_ID":null,"HIST_REVISION_ID":"76a10472-1f32-4a3c-ac3f-ba1377b0454c","HIST_EFF_DT":null,"HIST_EXP_DT":null,"COMPTYPE":66,"COMPKEY":870053,"ADDRKEY":"1","EXPBY":null,"EXPDATE":null,"GLOBALID_GUID":"d0570f9d-734f-4c7e-9567-9ea462b0c9b3","SHAPE__Area":321.234375,"SHAPE__Length":97.836509878300035}},{"type":"Feature","id":651,"geometry":{"type":"Polygon","coordinates":[[[-114.069378550572,51.0475192530526],[-114.069383587909,51.0475193732217],[-114.069455886238,51.0475210976632],[-114.069458380661,51.0475211573111],[-114.069458524875,51.0475212731929],[-114.069438933553,51.0477929059448],[-114.069359087416,51.0477920274108],[-114.069378550572,51.0475192530526]]]},"properties":{"OBJECTID":651,"BRIDGE_NO":"1568","BRIDGE_NAME":"1568","POSTED_CLEARANCE":"4.6","LOCATION":"Energy Plaza - 333 5th Av connector","EOR":" ","SCHEDULE":"A","CONST_DEC":"1980","PED_201212":0,"PED_EST":0,"CONN_TYPE":"Bridge","CROSS_LOC":"6 Avenue/2-3 Streets SW","IMPACTED":0,"CA_REPORT":"MMM-2016","STREET_CRO":"6 Avenue","CITY_OWNED":"Yes","STATUS":"Original","CROSS_ROW":"Yes","UNITID":"1110029936","GLOBALID":"14179e30-7ea9-47f5-b9b4-221856161419","OWNER":"COC-RD-RM","STATUS_CD":"Active","ACQUISITION_METHOD":null,"ACQUISITION_DATE":null,"HYPERLINK":null,"MODIFY_REASON":null,"MODIFIED_DT":1615826069000,"MODIFIED_ACTION":"MODIFIED ATTRIBUTE","UNITTYPE":"BMPF","CREATED_DT":1469630805000,"PROGRAM_PROJECT":null,"DEVELOPMENT_AGREEMENT":null,"TI_HANDOFF_DATE":null,"CCC_DT":null,"FAC_DT":null,"WORK_ORDER_NUMBERS":null,"GROUP_PROJECT_NUMBERS":null,"HIST_CREATE_ID":null,"HIST_REVISION_ID":"bcdacdb0-df61-487c-ae73-dac974e924d3","HIST_EFF_DT":null,"HIST_EXP_DT":null,"COMPTYPE":66,"COMPKEY":870073,"ADDRKEY":"1","EXPBY":null,"EXPDATE":null,"GLOBALID_GUID":"14179e30-7ea9-47f5-b9b4-221856161419","SHAPE__Area":429.3984375,"SHAPE__Length":114.30523617234873}},{"type":"Feature","id":652,"geometry":{"type":"Polygon","coordinates":[[[-114.067710006113,51.0471794425285],[-114.067712050619,51.0471340512922],[-114.067816990334,51.0471371836046],[-114.067827325353,51.047134121099],[-114.067841884162,51.0471327192413],[-114.067855945923,51.0471327560273],[-114.06786935324,51.0471338728584],[-114.067880137781,51.0471358892853],[-114.06789156574,51.0471390380436],[-114.067984039998,51.0471414573685],[-114.068056690977,51.0471438881642],[-114.068088341672,51.0471675316025],[-114.068191457285,51.0471715177668],[-114.068192566462,51.0471489340158],[-114.068249086769,51.0471515988452],[-114.068109556447,51.0472323801525],[-114.068048771079,51.047190226749],[-114.067892133408,51.0471859110714],[-114.067879500724,51.0471878961493],[-114.067865655032,51.0471893416473],[-114.067850665298,51.0471896200417],[-114.067839041426,51.0471890424563],[-114.067826545641,51.047187116916],[-114.067812692961,51.0471827999941],[-114.067710006113,51.0471794425285]]]},"properties":{"OBJECTID":652,"BRIDGE_NO":"15105 CP","BRIDGE_NAME":"15105 CP","POSTED_CLEARANCE":"4.7","LOCATION":"Energy Plaza - 225 Sixth","EOR":" ","SCHEDULE":"Future","CONST_DEC":"post-2000","PED_201212":0,"PED_EST":0,"CONN_TYPE":"Bridge","CROSS_LOC":"2 Street/6-7 Avenues SW","IMPACTED":0,"CA_REPORT":" ","STREET_CRO":"2 Street","CITY_OWNED":"Yes","STATUS":"Not constructed","CROSS_ROW":"Yes","UNITID":"1110029923","GLOBALID":"ee8eeb59-ce75-4a29-8e3a-8fb9bd44eed0","OWNER":"COC-RD-RM","STATUS_CD":"Future","ACQUISITION_METHOD":null,"ACQUISITION_DATE":null,"HYPERLINK":null,"MODIFY_REASON":null,"MODIFIED_DT":1615826069000,"MODIFIED_ACTION":"MODIFIED ATTRIBUTE","UNITTYPE":"BMPF","CREATED_DT":1469630805000,"PROGRAM_PROJECT":null,"DEVELOPMENT_AGREEMENT":null,"TI_HANDOFF_DATE":null,"CCC_DT":null,"FAC_DT":null,"WORK_ORDER_NUMBERS":null,"GROUP_PROJECT_NUMBERS":null,"HIST_CREATE_ID":null,"HIST_REVISION_ID":"0b445e35-b89b-4874-ac11-9d7486061425","HIST_EFF_DT":null,"HIST_EXP_DT":null,"COMPTYPE":66,"COMPKEY":870023,"ADDRKEY":"1","EXPBY":null,"EXPDATE":null,"GLOBALID_GUID":"ee8eeb59-ce75-4a29-8e3a-8fb9bd44eed0","SHAPE__Area":465.703125,"SHAPE__Length":143.266611761603}},{"type":"Feature","id":653,"geometry":{"type":"Polygon","coordinates":[[[-114.0648821787,51.0481047151927],[-114.064886242918,51.0480524008006],[-114.065054450097,51.0480561755829],[-114.06505859147,51.0480081771107],[-114.065045897302,51.0480072402541],[-114.065051029648,51.0479550151582],[-114.065504627157,51.0479678580699],[-114.065501348349,51.0480203967875],[-114.065142025064,51.0480103340239],[-114.065138169074,51.0480583781877],[-114.065147582324,51.0480587774792],[-114.065142237423,51.0481119097606],[-114.0648821787,51.0481047151927]]]},"properties":{"OBJECTID":653,"BRIDGE_NO":"1533","BRIDGE_NAME":"1533","POSTED_CLEARANCE":"4.7","LOCATION":"Bow Valley Square - Suncor Energy Centre","EOR":" ","SCHEDULE":"A","CONST_DEC":"1980","PED_201212":11015,"PED_EST":12117,"CONN_TYPE":"Bridge","CROSS_LOC":"1 Street/5-6 Avenues SW","IMPACTED":0,"CA_REPORT":"MMM-2016","STREET_CRO":"1 Street","CITY_OWNED":"Yes","STATUS":"Original","CROSS_ROW":"Yes","UNITID":"1110029968","GLOBALID":"714e6917-edfe-41b0-8440-52bd9bc77f45","OWNER":"COC-RD-RM","STATUS_CD":"Active","ACQUISITION_METHOD":null,"ACQUISITION_DATE":null,"HYPERLINK":null,"MODIFY_REASON":null,"MODIFIED_DT":1615826069000,"MODIFIED_ACTION":"MODIFIED ATTRIBUTE","UNITTYPE":"BMPF","CREATED_DT":1469630805000,"PROGRAM_PROJECT":null,"DEVELOPMENT_AGREEMENT":null,"TI_HANDOFF_DATE":null,"CCC_DT":null,"FAC_DT":null,"WORK_ORDER_NUMBERS":null,"GROUP_PROJECT_NUMBERS":null,"HIST_CREATE_ID":null,"HIST_REVISION_ID":"cf3ef856-3e41-41b8-a117-64f0b8f91e8f","HIST_EFF_DT":null,"HIST_EXP_DT":null,"COMPTYPE":66,"COMPKEY":870020,"ADDRKEY":"1","EXPBY":null,"EXPDATE":null,"GLOBALID_GUID":"714e6917-edfe-41b0-8440-52bd9bc77f45","SHAPE__Area":824.140625,"SHAPE__Length":195.07887409740275}},{"type":"Feature","id":654,"geometry":{"type":"Polygon","coordinates":[[[-114.067710006113,51.0471794425285],[-114.067712050619,51.0471340512922],[-114.067816990334,51.0471371836046],[-114.067827325353,51.047134121099],[-114.067841884162,51.0471327192413],[-114.067855945923,51.0471327560273],[-114.06786935324,51.0471338728584],[-114.067880137781,51.0471358892853],[-114.06789156574,51.0471390380436],[-114.067984039998,51.0471414573685],[-114.068056690977,51.0471438881642],[-114.068088341672,51.0471675316025],[-114.068191457285,51.0471715177668],[-114.068192566462,51.0471489340158],[-114.068249086769,51.0471515988452],[-114.068109556447,51.0472323801525],[-114.068048771079,51.047190226749],[-114.067892133408,51.0471859110714],[-114.067879500724,51.0471878961493],[-114.067865655032,51.0471893416473],[-114.067850665298,51.0471896200417],[-114.067839041426,51.0471890424563],[-114.067826545641,51.047187116916],[-114.067812692961,51.0471827999941],[-114.067710006113,51.0471794425285]]]},"properties":{"OBJECTID":654,"BRIDGE_NO":"1553","BRIDGE_NAME":"1553","POSTED_CLEARANCE":"4.6","LOCATION":"Energy Plaza - Bow Parkade","EOR":" ","SCHEDULE":"na","CONST_DEC":"1980","PED_201212":0,"PED_EST":0,"CONN_TYPE":"Bridge","CROSS_LOC":"2 Street/6-7 Avenues SW","IMPACTED":0,"CA_REPORT":"MMM-2016","STREET_CRO":"2 Street","CITY_OWNED":"Yes","STATUS":"To be rebuilt","CROSS_ROW":"Yes","UNITID":"1110029907","GLOBALID":"de9a05ff-4dc7-4dfc-9168-0c6b3a3ada78","OWNER":"COC-RD-RM","STATUS_CD":"Active","ACQUISITION_METHOD":null,"ACQUISITION_DATE":null,"HYPERLINK":null,"MODIFY_REASON":null,"MODIFIED_DT":1615826069000,"MODIFIED_ACTION":"MODIFIED ATTRIBUTE","UNITTYPE":"BMPF","CREATED_DT":1469630805000,"PROGRAM_PROJECT":null,"DEVELOPMENT_AGREEMENT":null,"TI_HANDOFF_DATE":null,"CCC_DT":null,"FAC_DT":null,"WORK_ORDER_NUMBERS":null,"GROUP_PROJECT_NUMBERS":null,"HIST_CREATE_ID":null,"HIST_REVISION_ID":"a2a597de-a2d0-408b-978f-dba477c8c320","HIST_EFF_DT":null,"HIST_EXP_DT":null,"COMPTYPE":66,"COMPKEY":870043,"ADDRKEY":"1","EXPBY":null,"EXPDATE":null,"GLOBALID_GUID":"de9a05ff-4dc7-4dfc-9168-0c6b3a3ada78","SHAPE__Area":465.703125,"SHAPE__Length":143.266611761603}},{"type":"Feature","id":655,"geometry":{"type":"Polygon","coordinates":[[[-114.075410050229,51.0467414456877],[-114.075500309319,51.0467429884911],[-114.075483389523,51.0469744868159],[-114.075386941415,51.0469717065094],[-114.075403777958,51.0467413382616],[-114.075410050229,51.0467414456877]]]},"properties":{"OBJECTID":655,"BRIDGE_NO":"1572","BRIDGE_NAME":"1572","POSTED_CLEARANCE":"4.7","LOCATION":"John J Bowlen Building - Encor Place","EOR":" ","SCHEDULE":"A","CONST_DEC":"1990","PED_201212":0,"PED_EST":0,"CONN_TYPE":"Bridge","CROSS_LOC":"7 Avenue/5-6 Streets SW","IMPACTED":0,"CA_REPORT":"MMM-2016","STREET_CRO":"7 Avenue","CITY_OWNED":"Yes","STATUS":"Original","CROSS_ROW":"Yes","UNITID":"1110029982","GLOBALID":"49364d64-3a72-4c59-91ba-7820f8cd3403","OWNER":"COC-RD-RM","STATUS_CD":"Active","ACQUISITION_METHOD":null,"ACQUISITION_DATE":null,"HYPERLINK":null,"MODIFY_REASON":null,"MODIFIED_DT":1615826067000,"MODIFIED_ACTION":"MODIFIED ATTRIBUTE","UNITTYPE":"BMPF","CREATED_DT":1469630805000,"PROGRAM_PROJECT":null,"DEVELOPMENT_AGREEMENT":null,"TI_HANDOFF_DATE":null,"CCC_DT":null,"FAC_DT":null,"WORK_ORDER_NUMBERS":null,"GROUP_PROJECT_NUMBERS":null,"HIST_CREATE_ID":null,"HIST_REVISION_ID":"0ed092a6-b0e2-490e-911b-4760f15c818f","HIST_EFF_DT":null,"HIST_EXP_DT":null,"COMPTYPE":66,"COMPKEY":870046,"ADDRKEY":"1","EXPBY":null,"EXPDATE":null,"GLOBALID_GUID":"49364d64-3a72-4c59-91ba-7820f8cd3403","SHAPE__Area":439.953125,"SHAPE__Length":103.36538439540445}},{"type":"Feature","id":656,"geometry":{"type":"Polygon","coordinates":[[[-114.070296203857,51.046240263321],[-114.070287078803,51.0462331336579],[-114.070271276712,51.0462137523058],[-114.070263537625,51.0461885668282],[-114.070273479265,51.0461613938787],[-114.070301998437,51.0461396494432],[-114.070310751163,51.0460336696102],[-114.070340899775,51.0460341944502],[-114.070354306101,51.0460254124019],[-114.070409327548,51.0460269983211],[-114.070423746112,51.0460368423819],[-114.070445452446,51.0460375313996],[-114.070437294791,51.0461416823724],[-114.070453297738,51.0461524244479],[-114.070558414882,51.0461554067606],[-114.070552568596,51.0462366388184],[-114.070447786216,51.0462335331394],[-114.070428463885,51.0462438919662],[-114.070427328428,51.0462850925954],[-114.070426191582,51.0463263183963],[-114.070389969092,51.046325874548],[-114.070378811716,51.0463318675297],[-114.070336526714,51.0463313535993],[-114.070320885744,51.0463242332536],[-114.070289266787,51.0463228741465],[-114.070292726793,51.0462815849206],[-114.070296203857,51.046240263321]]]},"properties":{"OBJECTID":656,"BRIDGE_NO":"P1506","BRIDGE_NAME":"P1506","POSTED_CLEARANCE":"4.7","LOCATION":"The Core (3rd St SW)","EOR":" ","SCHEDULE":"Future","CONST_DEC":"post-2000","PED_201212":0,"PED_EST":0,"CONN_TYPE":"Bridge","CROSS_LOC":"3 Street/7-8 Avenues SW","IMPACTED":0,"CA_REPORT":" ","STREET_CRO":"3 Street","CITY_OWNED":"No","STATUS":"Private","CROSS_ROW":"Yes","UNITID":"1110029924","GLOBALID":"a127554d-e7bf-41eb-b364-0f4cc37a58b4","OWNER":"OTH-PRIVATE","STATUS_CD":"Active","ACQUISITION_METHOD":null,"ACQUISITION_DATE":null,"HYPERLINK":null,"MODIFY_REASON":null,"MODIFIED_DT":1615826070000,"MODIFIED_ACTION":"MODIFIED ATTRIBUTE","UNITTYPE":"BMPF","CREATED_DT":1469630805000,"PROGRAM_PROJECT":null,"DEVELOPMENT_AGREEMENT":null,"TI_HANDOFF_DATE":null,"CCC_DT":null,"FAC_DT":null,"WORK_ORDER_NUMBERS":null,"GROUP_PROJECT_NUMBERS":null,"HIST_CREATE_ID":null,"HIST_REVISION_ID":"45589a6c-37d8-4492-ad03-e6dd0d1adc16","HIST_EFF_DT":null,"HIST_EXP_DT":null,"COMPTYPE":66,"COMPKEY":870033,"ADDRKEY":"1","EXPBY":null,"EXPDATE":null,"GLOBALID_GUID":"a127554d-e7bf-41eb-b364-0f4cc37a58b4","SHAPE__Area":1034.25,"SHAPE__Length":162.15205901049356}},{"type":"Feature","id":657,"geometry":{"type":"Polygon","coordinates":[[[-114.078526192146,51.0473568552131],[-114.078528384307,51.0473038233148],[-114.078874022848,51.047312330402],[-114.078870734971,51.0473657118478],[-114.078526192146,51.0473568552131]]]},"properties":{"OBJECTID":657,"BRIDGE_NO":"1523","BRIDGE_NAME":"1523","POSTED_CLEARANCE":"4.7","LOCATION":"AMEC Place - Life Plaza","EOR":"RJC","SCHEDULE":"A","CONST_DEC":"1980","PED_201212":0,"PED_EST":0,"CONN_TYPE":"Bridge","CROSS_LOC":"7 Street/6-7 Avenues SW","IMPACTED":0,"CA_REPORT":"MMM-2016","STREET_CRO":"7 Street","CITY_OWNED":"Yes","STATUS":"Original","CROSS_ROW":"Yes","UNITID":"1110029955","GLOBALID":"0da32a96-5e68-40a3-b794-93d2e22698f5","OWNER":"COC-RD-RM","STATUS_CD":"Active","ACQUISITION_METHOD":null,"ACQUISITION_DATE":null,"HYPERLINK":null,"MODIFY_REASON":null,"MODIFIED_DT":1615826067000,"MODIFIED_ACTION":"MODIFIED ATTRIBUTE","UNITTYPE":"BMPF","CREATED_DT":1469630805000,"PROGRAM_PROJECT":null,"DEVELOPMENT_AGREEMENT":null,"TI_HANDOFF_DATE":null,"CCC_DT":null,"FAC_DT":null,"WORK_ORDER_NUMBERS":null,"GROUP_PROJECT_NUMBERS":null,"HIST_CREATE_ID":null,"HIST_REVISION_ID":"4d77a0d6-18a8-4302-b612-bce2723ebbe1","HIST_EFF_DT":null,"HIST_EXP_DT":null,"COMPTYPE":66,"COMPKEY":870059,"ADDRKEY":"1","EXPBY":null,"EXPDATE":null,"GLOBALID_GUID":"0da32a96-5e68-40a3-b794-93d2e22698f5","SHAPE__Area":362.3984375,"SHAPE__Length":95.744933224032465}},{"type":"Feature","id":658,"geometry":{"type":"Polygon","coordinates":[[[-114.063484786074,51.0491320394375],[-114.063482334318,51.0491319508718],[-114.063486964062,51.0490852278417],[-114.063528879459,51.0490848463774],[-114.063581171701,51.0490801801433],[-114.063628172102,51.0490719226734],[-114.063679962471,51.0490580215206],[-114.063727077053,51.0490394626192],[-114.063771097603,51.0490152895036],[-114.063815868066,51.0489805782024],[-114.063847930097,51.0489451456585],[-114.063865311447,51.0489142834152],[-114.063877282462,51.0488724917171],[-114.063877823705,51.0488315378145],[-114.063869334251,51.0487957138907],[-114.063848583258,51.0487563232475],[-114.063819818981,51.048723461721],[-114.063771754845,51.0486858848184],[-114.063728687931,51.0486627112116],[-114.063843300652,51.0486660584696],[-114.063866373792,51.0486839354247],[-114.06390850763,51.0487295901054],[-114.063924340121,51.0487547499908],[-114.06394127699,51.0487895894097],[-114.063951152474,51.0488293527679],[-114.063951697927,51.0488691796634],[-114.063943005131,51.0489084182908],[-114.063922199698,51.0489507874727],[-114.063894062373,51.0489860515817],[-114.063857179243,51.0490231453768],[-114.063814510294,51.0490532042608],[-114.06376787357,51.0490780404639],[-114.063719992641,51.0490973063921],[-114.063671179383,51.049111694982],[-114.063613672778,51.0491224923919],[-114.06355155956,51.0491301881251],[-114.063517865341,51.049132061021],[-114.063484786074,51.0491320394375]]]},"properties":{"OBJECTID":658,"BRIDGE_NO":"1564","BRIDGE_NAME":"1564","POSTED_CLEARANCE":"na","LOCATION":"James Short Parkade above-ground bridge","EOR":" ","SCHEDULE":"A","CONST_DEC":"1980","PED_201212":9354,"PED_EST":10289,"CONN_TYPE":"Bridge","CROSS_LOC":"Park between 4-5 Avenues/Centre-1 Streets SW","IMPACTED":0,"CA_REPORT":"MMM-2016","STREET_CRO":"Park","CITY_OWNED":"Yes","STATUS":"Original","CROSS_ROW":"No","UNITID":"1110029985","GLOBALID":"65009f42-8b4a-4f6a-a18d-83579a85c43b","OWNER":"COC-RD-RM","STATUS_CD":"Active","ACQUISITION_METHOD":null,"ACQUISITION_DATE":null,"HYPERLINK":null,"MODIFY_REASON":null,"MODIFIED_DT":1615826069000,"MODIFIED_ACTION":"MODIFIED ATTRIBUTE","UNITTYPE":"BMPF","CREATED_DT":1469630805000,"PROGRAM_PROJECT":null,"DEVELOPMENT_AGREEMENT":null,"TI_HANDOFF_DATE":null,"CCC_DT":null,"FAC_DT":null,"WORK_ORDER_NUMBERS":null,"GROUP_PROJECT_NUMBERS":null,"HIST_CREATE_ID":null,"HIST_REVISION_ID":"3310f378-af85-4dbc-a4cc-a1a8ee4b7de7","HIST_EFF_DT":null,"HIST_EXP_DT":null,"COMPTYPE":66,"COMPKEY":870074,"ADDRKEY":"1","EXPBY":null,"EXPDATE":null,"GLOBALID_GUID":"65009f42-8b4a-4f6a-a18d-83579a85c43b","SHAPE__Area":903.984375,"SHAPE__Length":243.11762580422103}},{"type":"Feature","id":659,"geometry":{"type":"Polygon","coordinates":[[[-114.073183472866,51.0488002795018],[-114.073197678657,51.0487004495549],[-114.073178812693,51.0486839103779],[-114.073201912614,51.048672156226],[-114.073220676461,51.048550654576],[-114.073220703195,51.0485504244222],[-114.073296067459,51.0485526246193],[-114.073278490743,51.0486761545189],[-114.073295999521,51.0486912094278],[-114.07327317045,51.0487028753291],[-114.073257422493,51.0488023134005],[-114.073183472866,51.0488002795018]]]},"properties":{"OBJECTID":659,"BRIDGE_NO":"1554","BRIDGE_NAME":"1554","POSTED_CLEARANCE":"4.6","LOCATION":"Aquitaine Tower - Five Ten Fifth","EOR":"RJC","SCHEDULE":"A","CONST_DEC":"1980","PED_201212":6426,"PED_EST":7069,"CONN_TYPE":"Bridge","CROSS_LOC":"5 Avenue/4-5 Streets SW","IMPACTED":1,"CA_REPORT":"MMM-2016","STREET_CRO":"5 Avenue","CITY_OWNED":"Yes","STATUS":"Original","CROSS_ROW":"Yes","UNITID":"1110029939","GLOBALID":"d00a6d16-fa07-4a2c-9f76-4ee564b7f215","OWNER":"COC-RD-RM","STATUS_CD":"Active","ACQUISITION_METHOD":null,"ACQUISITION_DATE":null,"HYPERLINK":null,"MODIFY_REASON":null,"MODIFIED_DT":1615826068000,"MODIFIED_ACTION":"MODIFIED ATTRIBUTE","UNITTYPE":"BMPF","CREATED_DT":1469630805000,"PROGRAM_PROJECT":null,"DEVELOPMENT_AGREEMENT":null,"TI_HANDOFF_DATE":null,"CCC_DT":null,"FAC_DT":null,"WORK_ORDER_NUMBERS":null,"GROUP_PROJECT_NUMBERS":null,"HIST_CREATE_ID":null,"HIST_REVISION_ID":"23414ed8-e76c-43a0-8d08-ba3ffa65268a","HIST_EFF_DT":null,"HIST_EXP_DT":null,"COMPTYPE":66,"COMPKEY":870056,"ADDRKEY":"1","EXPBY":null,"EXPDATE":null,"GLOBALID_GUID":"d00a6d16-fa07-4a2c-9f76-4ee564b7f215","SHAPE__Area":385.03125,"SHAPE__Length":109.18891852092875}},{"type":"Feature","id":660,"geometry":{"type":"Polygon","coordinates":[[[-114.060122339716,51.0488012036977],[-114.05995851309,51.0487964576696],[-114.05996092968,51.0487638057363],[-114.060034596814,51.0487662517845],[-114.060068859144,51.0487472119162],[-114.06015250954,51.0487496419714],[-114.060511209767,51.0487595756614],[-114.060624451646,51.0486949716295],[-114.060635935729,51.0486953117771],[-114.06063227809,51.048747054956],[-114.060644511734,51.0487556535775],[-114.060636321607,51.048760376535],[-114.060565717118,51.0487584246132],[-114.060562215957,51.0488077359868],[-114.060122673349,51.0487956218037],[-114.060122339716,51.0488012036977]]]},"properties":{"OBJECTID":660,"BRIDGE_NO":"1517","BRIDGE_NAME":"1517","POSTED_CLEARANCE":"4.9","LOCATION":"Telus House - Delta Bow Valley Inn","EOR":"RJC","SCHEDULE":"A","CONST_DEC":"1970","PED_201212":1817,"PED_EST":1999,"CONN_TYPE":"Bridge","CROSS_LOC":"1 Street/4-5 Avenues SE","IMPACTED":1,"CA_REPORT":"MMM-2016","STREET_CRO":"1 Street","CITY_OWNED":"Yes","STATUS":"Original","CROSS_ROW":"Yes","UNITID":"1110029904","GLOBALID":"88b8b906-3d1e-4773-8257-a93ce9d02fe9","OWNER":"COC-RD-RM","STATUS_CD":"Active","ACQUISITION_METHOD":null,"ACQUISITION_DATE":null,"HYPERLINK":null,"MODIFY_REASON":null,"MODIFIED_DT":1615826069000,"MODIFIED_ACTION":"MODIFIED ATTRIBUTE","UNITTYPE":"BMPF","CREATED_DT":1469630805000,"PROGRAM_PROJECT":null,"DEVELOPMENT_AGREEMENT":null,"TI_HANDOFF_DATE":null,"CCC_DT":null,"FAC_DT":null,"WORK_ORDER_NUMBERS":null,"GROUP_PROJECT_NUMBERS":null,"HIST_CREATE_ID":null,"HIST_REVISION_ID":"6ea29f4b-a23d-4cc3-84f4-de3b97d364ea","HIST_EFF_DT":null,"HIST_EXP_DT":null,"COMPTYPE":66,"COMPKEY":870084,"ADDRKEY":"1","EXPBY":null,"EXPDATE":null,"GLOBALID_GUID":"88b8b906-3d1e-4773-8257-a93ce9d02fe9","SHAPE__Area":625.3671875,"SHAPE__Length":183.96567420661341}},{"type":"Feature","id":661,"geometry":{"type":"Polygon","coordinates":[[[-114.078153001346,51.0483244596835],[-114.078105607454,51.0483231806606],[-114.078078009748,51.048322435871],[-114.078047417459,51.0483219169187],[-114.078050215669,51.0482897048481],[-114.078055778039,51.0482898818272],[-114.078080379265,51.0482905836752],[-114.078351645068,51.0482977593455],[-114.078366619123,51.0482981556426],[-114.078369887061,51.048257930703],[-114.078416807999,51.0482587172988],[-114.078413889774,51.0482999407642],[-114.078455557085,51.0483009340368],[-114.078457631781,51.0482736919645],[-114.078805241607,51.0482831814086],[-114.078801475863,51.0483365910338],[-114.078453585639,51.0483268239841],[-114.078453167658,51.048332667589],[-114.078411635405,51.0483314368961],[-114.078153001346,51.0483244596835]]]},"properties":{"OBJECTID":661,"BRIDGE_NO":"1539","BRIDGE_NAME":"1539","POSTED_CLEARANCE":"4.5","LOCATION":"Place 800 - 736 Sixth","EOR":"RJC","SCHEDULE":"A","CONST_DEC":"1980","PED_201212":4087,"PED_EST":4496,"CONN_TYPE":"Bridge","CROSS_LOC":"7 Street/5-6 Avenues SW","IMPACTED":0,"CA_REPORT":"MMM-2016","STREET_CRO":"7 Street","CITY_OWNED":"Yes","STATUS":"Original","CROSS_ROW":"Yes","UNITID":"1110029942","GLOBALID":"0b64e5dc-dc3a-4cb5-bfc8-be979ab7dd25","OWNER":"COC-RD-RM","STATUS_CD":"Active","ACQUISITION_METHOD":null,"ACQUISITION_DATE":null,"HYPERLINK":null,"MODIFY_REASON":null,"MODIFIED_DT":1615826067000,"MODIFIED_ACTION":"MODIFIED ATTRIBUTE","UNITTYPE":"BMPF","CREATED_DT":1469630805000,"PROGRAM_PROJECT":null,"DEVELOPMENT_AGREEMENT":null,"TI_HANDOFF_DATE":null,"CCC_DT":null,"FAC_DT":null,"WORK_ORDER_NUMBERS":null,"GROUP_PROJECT_NUMBERS":null,"HIST_CREATE_ID":null,"HIST_REVISION_ID":"e599ed99-a053-44e0-993f-f3dcc6c96f62","HIST_EFF_DT":null,"HIST_EXP_DT":null,"COMPTYPE":66,"COMPKEY":870047,"ADDRKEY":"1","EXPBY":null,"EXPDATE":null,"GLOBALID_GUID":"0b64e5dc-dc3a-4cb5-bfc8-be979ab7dd25","SHAPE__Area":659.1484375,"SHAPE__Length":203.30971534669249}},{"type":"Feature","id":662,"geometry":{"type":"Polygon","coordinates":[[[-114.075800058817,51.0483172442784],[-114.075805967439,51.0482604442326],[-114.07638873286,51.0482754381602],[-114.076384750112,51.048331266985],[-114.075800058817,51.0483172442784]]]},"properties":{"OBJECTID":662,"BRIDGE_NO":"1526","BRIDGE_NAME":"1526","POSTED_CLEARANCE":"4.5","LOCATION":"Bantrel Tower - Standard Life Tower","EOR":" ","SCHEDULE":"A","CONST_DEC":"1990","PED_201212":8342,"PED_EST":9176,"CONN_TYPE":"Bridge","CROSS_LOC":"6 Street/5-6 Avenues SW","IMPACTED":0,"CA_REPORT":"MMM-2016","STREET_CRO":"6 Street","CITY_OWNED":"Yes","STATUS":"Original","CROSS_ROW":"Yes","UNITID":"1110029973","GLOBALID":"a2295ff0-2a0d-4f8d-aad8-991d3d5552af","OWNER":"COC-RD-RM","STATUS_CD":"Active","ACQUISITION_METHOD":null,"ACQUISITION_DATE":null,"HYPERLINK":null,"MODIFY_REASON":null,"MODIFIED_DT":1615826068000,"MODIFIED_ACTION":"MODIFIED ATTRIBUTE","UNITTYPE":"BMPF","CREATED_DT":1469630805000,"PROGRAM_PROJECT":null,"DEVELOPMENT_AGREEMENT":null,"TI_HANDOFF_DATE":null,"CCC_DT":null,"FAC_DT":null,"WORK_ORDER_NUMBERS":null,"GROUP_PROJECT_NUMBERS":null,"HIST_CREATE_ID":null,"HIST_REVISION_ID":"d7aa4d2e-2d36-4123-b370-5c65085e94cb","HIST_EFF_DT":null,"HIST_EXP_DT":null,"COMPTYPE":66,"COMPKEY":870090,"ADDRKEY":"1","EXPBY":null,"EXPDATE":null,"GLOBALID_GUID":"a2295ff0-2a0d-4f8d-aad8-991d3d5552af","SHAPE__Area":649.390625,"SHAPE__Length":150.03727134899745}},{"type":"Feature","id":663,"geometry":{"type":"Polygon","coordinates":[[[-114.070413106215,51.0481873516584],[-114.070242786034,51.0481826796928],[-114.070072510111,51.0481780155433],[-114.070066947922,51.0481779289804],[-114.070057563538,51.0481778006586],[-114.070057574656,51.0481776073727],[-114.070061027426,51.0481237316506],[-114.070386199744,51.0481334744343],[-114.070422005303,51.0481345460182],[-114.070419572778,51.0481725093147],[-114.070418612883,51.0481875029643],[-114.070413106215,51.0481873516584]]]},"properties":{"OBJECTID":663,"BRIDGE_NO":"1551","BRIDGE_NAME":"1551","POSTED_CLEARANCE":"4.9","LOCATION":"505 3rd St - 333 5th Av","EOR":"RJC","SCHEDULE":"A","CONST_DEC":"1980","PED_201212":0,"PED_EST":0,"CONN_TYPE":"Bridge","CROSS_LOC":"3 Street/5-6 Avenues SW","IMPACTED":0,"CA_REPORT":"MMM-2016","STREET_CRO":"3 Street","CITY_OWNED":"Yes","STATUS":"Original","CROSS_ROW":"Yes","UNITID":"1110029935","GLOBALID":"4f51b740-6afa-4db3-8dad-34eab264f1b7","OWNER":"COC-RD-RM","STATUS_CD":"Active","ACQUISITION_METHOD":null,"ACQUISITION_DATE":null,"HYPERLINK":null,"MODIFY_REASON":null,"MODIFIED_DT":1615826067000,"MODIFIED_ACTION":"MODIFIED ATTRIBUTE","UNITTYPE":"BMPF","CREATED_DT":1469630805000,"PROGRAM_PROJECT":null,"DEVELOPMENT_AGREEMENT":null,"TI_HANDOFF_DATE":null,"CCC_DT":null,"FAC_DT":null,"WORK_ORDER_NUMBERS":null,"GROUP_PROJECT_NUMBERS":null,"HIST_CREATE_ID":null,"HIST_REVISION_ID":"223fc6f3-6a82-49f1-9c44-21ef0edab3be","HIST_EFF_DT":null,"HIST_EXP_DT":null,"COMPTYPE":66,"COMPKEY":870057,"ADDRKEY":"1","EXPBY":null,"EXPDATE":null,"GLOBALID_GUID":"4f51b740-6afa-4db3-8dad-34eab264f1b7","SHAPE__Area":380.828125,"SHAPE__Length":99.425041138375434}},{"type":"Feature","id":664,"geometry":{"type":"Polygon","coordinates":[[[-114.060262294874,51.0469452081939],[-114.060264467176,51.0469146689567],[-114.060696288937,51.046927451857],[-114.060695869205,51.0469336549896],[-114.060694903246,51.0469583961306],[-114.060694195856,51.0469583740237],[-114.060478591892,51.0469517974218],[-114.060262294874,51.0469452081939]]]},"properties":{"OBJECTID":664,"BRIDGE_NO":"1518","BRIDGE_NAME":"1518","POSTED_CLEARANCE":"4.8","LOCATION":"Andrew Davison Building - Carter Place","EOR":" ","SCHEDULE":"A/B","CONST_DEC":"1980","PED_201212":0,"PED_EST":0,"CONN_TYPE":"Bridge","CROSS_LOC":"1 Street/6-7 Avenues SE","IMPACTED":0,"CA_REPORT":"MMM-2016","STREET_CRO":"1 Street","CITY_OWNED":"Yes","STATUS":"Original","CROSS_ROW":"Yes","UNITID":"1110029933","GLOBALID":"906103a3-1015-4b76-8f81-5289811f0dd0","OWNER":"COC-RD-RM","STATUS_CD":"Active","ACQUISITION_METHOD":null,"ACQUISITION_DATE":null,"HYPERLINK":null,"MODIFY_REASON":null,"MODIFIED_DT":1615826070000,"MODIFIED_ACTION":"MODIFIED ATTRIBUTE","UNITTYPE":"BMPF","CREATED_DT":1469630805000,"PROGRAM_PROJECT":null,"DEVELOPMENT_AGREEMENT":null,"TI_HANDOFF_DATE":null,"CCC_DT":null,"FAC_DT":null,"WORK_ORDER_NUMBERS":null,"GROUP_PROJECT_NUMBERS":null,"HIST_CREATE_ID":null,"HIST_REVISION_ID":"1d124106-4ee9-4e1c-87ed-61c14f8dd37c","HIST_EFF_DT":null,"HIST_EXP_DT":null,"COMPTYPE":66,"COMPKEY":870013,"ADDRKEY":"1","EXPBY":null,"EXPDATE":null,"GLOBALID_GUID":"906103a3-1015-4b76-8f81-5289811f0dd0","SHAPE__Area":262.296875,"SHAPE__Length":107.2322187371838}},{"type":"Feature","id":665,"geometry":{"type":"Polygon","coordinates":[[[-114.072120016158,51.0468323747507],[-114.072131376779,51.0466662285029],[-114.072234301426,51.0466689580499],[-114.072223314938,51.0468351813882],[-114.072120016158,51.0468323747507]]]},"properties":{"OBJECTID":665,"BRIDGE_NO":"1570","BRIDGE_NAME":"1570","POSTED_CLEARANCE":"4.7","LOCATION":"4th Street LRT - Holt Renfrew","EOR":"RJC","SCHEDULE":"A","CONST_DEC":"1990","PED_201212":3826,"PED_EST":4209,"CONN_TYPE":"Bridge","CROSS_LOC":"7 Avenue/4-5 Streets SW","IMPACTED":0,"CA_REPORT":"MMM-2016","STREET_CRO":"7 Avenue","CITY_OWNED":"Yes","STATUS":"Original","CROSS_ROW":"Yes","UNITID":"1110029995","GLOBALID":"7f46c940-6318-467d-a637-1f337d1f1148","OWNER":"COC-RD-RM","STATUS_CD":"Active","ACQUISITION_METHOD":null,"ACQUISITION_DATE":null,"HYPERLINK":null,"MODIFY_REASON":null,"MODIFIED_DT":1615826070000,"MODIFIED_ACTION":"MODIFIED ATTRIBUTE","UNITTYPE":"BMPF","CREATED_DT":1469630805000,"PROGRAM_PROJECT":null,"DEVELOPMENT_AGREEMENT":null,"TI_HANDOFF_DATE":null,"CCC_DT":null,"FAC_DT":null,"WORK_ORDER_NUMBERS":null,"GROUP_PROJECT_NUMBERS":null,"HIST_CREATE_ID":null,"HIST_REVISION_ID":"c6c43be9-ba65-4941-a41d-9f4b4a40f3d1","HIST_EFF_DT":null,"HIST_EXP_DT":null,"COMPTYPE":66,"COMPKEY":870072,"ADDRKEY":"1","EXPBY":null,"EXPDATE":null,"GLOBALID_GUID":"7f46c940-6318-467d-a637-1f337d1f1148","SHAPE__Area":338.3671875,"SHAPE__Length":81.8818296234875}},{"type":"Feature","id":666,"geometry":{"type":"Polygon","coordinates":[[[-114.07918242799,51.0480160645566],[-114.079198063428,51.0477980260288],[-114.079279491338,51.047800554475],[-114.079261296072,51.048018450015],[-114.07918242799,51.0480160645566]]]},"properties":{"OBJECTID":666,"BRIDGE_NO":"1574","BRIDGE_NAME":"1574","POSTED_CLEARANCE":"4.4","LOCATION":"Place 800 - AMEC Place","EOR":" ","SCHEDULE":"A","CONST_DEC":"post-2000","PED_201212":5998,"PED_EST":6598,"CONN_TYPE":"Bridge","CROSS_LOC":"6 Avenue/7-8 Streets SW","IMPACTED":0,"CA_REPORT":"MMM-2016","STREET_CRO":"6 Avenue","CITY_OWNED":"Yes","STATUS":"Original","CROSS_ROW":"Yes","UNITID":"1110029994","GLOBALID":"dfc12ed5-c49a-4fe0-859b-e56fa5dece75","OWNER":"COC-RD-RM","STATUS_CD":"Active","ACQUISITION_METHOD":null,"ACQUISITION_DATE":null,"HYPERLINK":null,"MODIFY_REASON":null,"MODIFIED_DT":1615826069000,"MODIFIED_ACTION":"MODIFIED ATTRIBUTE","UNITTYPE":"BMPF","CREATED_DT":1469630805000,"PROGRAM_PROJECT":null,"DEVELOPMENT_AGREEMENT":null,"TI_HANDOFF_DATE":null,"CCC_DT":null,"FAC_DT":null,"WORK_ORDER_NUMBERS":null,"GROUP_PROJECT_NUMBERS":null,"HIST_CREATE_ID":null,"HIST_REVISION_ID":"d5a266e8-4593-4425-b4e0-a61b2404c2e8","HIST_EFF_DT":null,"HIST_EXP_DT":null,"COMPTYPE":66,"COMPKEY":870093,"ADDRKEY":"1","EXPBY":null,"EXPDATE":null,"GLOBALID_GUID":"dfc12ed5-c49a-4fe0-859b-e56fa5dece75","SHAPE__Area":345.1796875,"SHAPE__Length":95.149037391473186}},{"type":"Feature","id":667,"geometry":{"type":"Polygon","coordinates":[[[-114.071353459494,51.0462603691825],[-114.071353332879,51.0461779540864],[-114.07143829123,51.0461803635797],[-114.071448848637,51.0461738314794],[-114.071448837029,51.0460355738881],[-114.071474062837,51.0460352303398],[-114.071490036416,51.0460267612319],[-114.07154569771,51.0460270876622],[-114.071562695889,51.0460357163896],[-114.071586669113,51.0460359965724],[-114.07158528554,51.046175547742],[-114.071595933241,51.0461813476887],[-114.071614306887,51.0462033352078],[-114.071619693561,51.0462284761899],[-114.071609962037,51.0462526825132],[-114.071584865087,51.0462737877996],[-114.071587378674,51.0464251077323],[-114.071559984875,51.046425395997],[-114.071547791274,51.0464344471326],[-114.071489917909,51.0464334028777],[-114.071474346749,51.0464254474976],[-114.071449560506,51.0464252109394],[-114.071451454855,51.0462744151076],[-114.071435849619,51.0462628099115],[-114.071353459494,51.0462603691825]]]},"properties":{"OBJECTID":667,"BRIDGE_NO":"P1505","BRIDGE_NAME":"P1505","POSTED_CLEARANCE":"4.5","LOCATION":"The Core (4th St SW)","EOR":" ","SCHEDULE":"Future","CONST_DEC":"post-2000","PED_201212":0,"PED_EST":0,"CONN_TYPE":"Bridge","CROSS_LOC":"4 Street/7-8 Avenues SW","IMPACTED":0,"CA_REPORT":" ","STREET_CRO":"4 Street","CITY_OWNED":"No","STATUS":"Private","CROSS_ROW":"Yes","UNITID":"1110029984","GLOBALID":"be7531a0-44a5-4f49-b142-11bb2944d709","OWNER":"OTH-PRIVATE","STATUS_CD":"Active","ACQUISITION_METHOD":null,"ACQUISITION_DATE":null,"HYPERLINK":null,"MODIFY_REASON":null,"MODIFIED_DT":1615826069000,"MODIFIED_ACTION":"MODIFIED ATTRIBUTE","UNITTYPE":"BMPF","CREATED_DT":1469630805000,"PROGRAM_PROJECT":null,"DEVELOPMENT_AGREEMENT":null,"TI_HANDOFF_DATE":null,"CCC_DT":null,"FAC_DT":null,"WORK_ORDER_NUMBERS":null,"GROUP_PROJECT_NUMBERS":null,"HIST_CREATE_ID":null,"HIST_REVISION_ID":"d4c38c38-7cfe-4391-9824-59bc7678703d","HIST_EFF_DT":null,"HIST_EXP_DT":null,"COMPTYPE":66,"COMPKEY":870008,"ADDRKEY":"1","EXPBY":null,"EXPDATE":null,"GLOBALID_GUID":"be7531a0-44a5-4f49-b142-11bb2944d709","SHAPE__Area":1273.1796875,"SHAPE__Length":192.83394337362432}},{"type":"Feature","id":668,"geometry":{"type":"Polygon","coordinates":[[[-114.067759947267,51.0461847986341],[-114.06776037318,51.0461785954716],[-114.067726543909,51.04617722167],[-114.067728127837,51.0461387536858],[-114.067746811691,51.0461390530036],[-114.067763168167,51.0461393716472],[-114.067763604116,51.0461332053367],[-114.067909626878,51.0461377332194],[-114.06805533306,51.0461422521142],[-114.068054891648,51.0461485559719],[-114.068107079657,51.0461502569962],[-114.068107060197,51.0461506022133],[-114.068104627738,51.0461946937749],[-114.067932077118,51.0461897356662],[-114.067759947267,51.0461847986341]]]},"properties":{"OBJECTID":668,"BRIDGE_NO":"1520","BRIDGE_NAME":"1520","POSTED_CLEARANCE":"4.9","LOCATION":"Lancaster Building - Scotia Centre","EOR":" ","SCHEDULE":"A","CONST_DEC":"1970","PED_201212":16266,"PED_EST":17893,"CONN_TYPE":"Bridge","CROSS_LOC":"2 Street/7-8 Avenues SW","IMPACTED":0,"CA_REPORT":"MMM-2016","STREET_CRO":"2 Street","CITY_OWNED":"Yes","STATUS":"Original","CROSS_ROW":"Yes","UNITID":"1110029946","GLOBALID":"07b65aae-95da-4398-bbda-7d8d55c96528","OWNER":"COC-RD-RM","STATUS_CD":"Active","ACQUISITION_METHOD":null,"ACQUISITION_DATE":null,"HYPERLINK":null,"MODIFY_REASON":null,"MODIFIED_DT":1615826070000,"MODIFIED_ACTION":"MODIFIED ATTRIBUTE","UNITTYPE":"BMPF","CREATED_DT":1469630805000,"PROGRAM_PROJECT":null,"DEVELOPMENT_AGREEMENT":null,"TI_HANDOFF_DATE":null,"CCC_DT":null,"FAC_DT":null,"WORK_ORDER_NUMBERS":null,"GROUP_PROJECT_NUMBERS":null,"HIST_CREATE_ID":null,"HIST_REVISION_ID":"c9491494-e568-4335-ba8e-86743704ff6c","HIST_EFF_DT":null,"HIST_EXP_DT":null,"COMPTYPE":66,"COMPKEY":870051,"ADDRKEY":"1","EXPBY":null,"EXPDATE":null,"GLOBALID_GUID":"07b65aae-95da-4398-bbda-7d8d55c96528","SHAPE__Area":368.03125,"SHAPE__Length":102.41359410751522}},{"type":"Feature","id":669,"geometry":{"type":"Polygon","coordinates":[[[-114.077991775129,51.046089988002],[-114.078004859498,51.0458648862333],[-114.078105944458,51.0458676046457],[-114.078090904597,51.0460930835032],[-114.077991775129,51.046089988002]]]},"properties":{"OBJECTID":669,"BRIDGE_NO":"1541","BRIDGE_NAME":"1541","POSTED_CLEARANCE":"4.7","LOCATION":"Petro Fina - First Alberta Place","EOR":" ","SCHEDULE":"A","CONST_DEC":"1980","PED_201212":4324,"PED_EST":4756,"CONN_TYPE":"Bridge","CROSS_LOC":"8 Avenue/6-7 Streets SW","IMPACTED":0,"CA_REPORT":"MMM-2016","STREET_CRO":"8 Avenue","CITY_OWNED":"Yes","STATUS":"Original","CROSS_ROW":"Yes","UNITID":"1110029997","GLOBALID":"09710691-79e7-412e-b998-6ec5009aaf97","OWNER":"COC-RD-RM","STATUS_CD":"Active","ACQUISITION_METHOD":null,"ACQUISITION_DATE":null,"HYPERLINK":null,"MODIFY_REASON":null,"MODIFIED_DT":1615826068000,"MODIFIED_ACTION":"MODIFIED ATTRIBUTE","UNITTYPE":"BMPF","CREATED_DT":1469630805000,"PROGRAM_PROJECT":null,"DEVELOPMENT_AGREEMENT":null,"TI_HANDOFF_DATE":null,"CCC_DT":null,"FAC_DT":null,"WORK_ORDER_NUMBERS":null,"GROUP_PROJECT_NUMBERS":null,"HIST_CREATE_ID":null,"HIST_REVISION_ID":"106412fb-371f-4855-a01e-ee5a816ea812","HIST_EFF_DT":null,"HIST_EXP_DT":null,"COMPTYPE":66,"COMPKEY":870011,"ADDRKEY":"1","EXPBY":null,"EXPDATE":null,"GLOBALID_GUID":"09710691-79e7-412e-b998-6ec5009aaf97","SHAPE__Area":445.34375,"SHAPE__Length":102.154939431772}},{"type":"Feature","id":670,"geometry":{"type":"Polygon","coordinates":[[[-114.069453266387,51.0456566755169],[-114.069678567528,51.045662441384],[-114.069665035392,51.0456729314797],[-114.069660700193,51.0457291109084],[-114.069647106075,51.0457287144716],[-114.069643181318,51.0457837789276],[-114.069656450304,51.0457841755587],[-114.069649071068,51.0458798136383],[-114.069617453352,51.0458790674485],[-114.06955092053,51.0459040715471],[-114.06949032729,51.0458766160843],[-114.069477510352,51.0458762191657],[-114.069479470998,51.0458446002094],[-114.069458107128,51.0458439755349],[-114.069463713242,51.0457773124314],[-114.069474350946,51.0457776207495],[-114.069478409254,51.0457249474889],[-114.069467556154,51.0457245943505],[-114.069471389227,51.0456653038806],[-114.06945623477,51.0456580887371],[-114.069453266387,51.0456566755169]]]},"properties":{"OBJECTID":670,"BRIDGE_NO":"1510","BRIDGE_NAME":"1510","POSTED_CLEARANCE":"4.0","LOCATION":"TD Square - Bankers Hall","EOR":" ","SCHEDULE":"A","CONST_DEC":"1980","PED_201212":0,"PED_EST":0,"CONN_TYPE":"Bridge","CROSS_LOC":"8 Avenue/2-3 Streets SW","IMPACTED":0,"CA_REPORT":"MMM-2016","STREET_CRO":"8 Avenue","CITY_OWNED":"Yes","STATUS":"Original","CROSS_ROW":"Yes","UNITID":"1110029922","GLOBALID":"70f59871-4955-4081-90ee-f78a55e48a1b","OWNER":"COC-RD-RM","STATUS_CD":"Active","ACQUISITION_METHOD":null,"ACQUISITION_DATE":null,"HYPERLINK":null,"MODIFY_REASON":null,"MODIFIED_DT":1615826069000,"MODIFIED_ACTION":"MODIFIED ATTRIBUTE","UNITTYPE":"BMPF","CREATED_DT":1469630805000,"PROGRAM_PROJECT":null,"DEVELOPMENT_AGREEMENT":null,"TI_HANDOFF_DATE":null,"CCC_DT":null,"FAC_DT":null,"WORK_ORDER_NUMBERS":null,"GROUP_PROJECT_NUMBERS":null,"HIST_CREATE_ID":null,"HIST_REVISION_ID":"da273cb8-8e2a-4e8f-a33a-caaf29fd1213","HIST_EFF_DT":null,"HIST_EXP_DT":null,"COMPTYPE":66,"COMPKEY":870034,"ADDRKEY":"1","EXPBY":null,"EXPDATE":null,"GLOBALID_GUID":"70f59871-4955-4081-90ee-f78a55e48a1b","SHAPE__Area":829.078125,"SHAPE__Length":133.6265875485351}},{"type":"Feature","id":671,"geometry":{"type":"Polygon","coordinates":[[[-114.076052510592,51.0454723533264],[-114.07605128927,51.0454179931984],[-114.076408033347,51.0454304837022],[-114.076640027418,51.045437441793],[-114.07663628729,51.0454870046501],[-114.076404679913,51.0454803330715],[-114.076052510592,51.0454723533264]]]},"properties":{"OBJECTID":671,"BRIDGE_NO":"1534","BRIDGE_NAME":"1534","POSTED_CLEARANCE":"4.6","LOCATION":"Western Canadian Place - Centennial Parkade","EOR":" ","SCHEDULE":"A","CONST_DEC":"1980","PED_201212":4309,"PED_EST":4740,"CONN_TYPE":"Bridge","CROSS_LOC":"6 Street/8-9 Avenues SW","IMPACTED":0,"CA_REPORT":"MMM-2016","STREET_CRO":"6 Street","CITY_OWNED":"Yes","STATUS":"Original","CROSS_ROW":"Yes","UNITID":"1110029914","GLOBALID":"982b52a6-9ae2-4d1c-a9c5-d5fc2f5f186c","OWNER":"COC-RD-RM","STATUS_CD":"Active","ACQUISITION_METHOD":null,"ACQUISITION_DATE":null,"HYPERLINK":null,"MODIFY_REASON":null,"MODIFIED_DT":1615826070000,"MODIFIED_ACTION":"MODIFIED ATTRIBUTE","UNITTYPE":"BMPF","CREATED_DT":1469630805000,"PROGRAM_PROJECT":null,"DEVELOPMENT_AGREEMENT":null,"TI_HANDOFF_DATE":null,"CCC_DT":null,"FAC_DT":null,"WORK_ORDER_NUMBERS":null,"GROUP_PROJECT_NUMBERS":null,"HIST_CREATE_ID":null,"HIST_REVISION_ID":"66143c27-876f-4dbe-b613-cae23905491b","HIST_EFF_DT":null,"HIST_EXP_DT":null,"COMPTYPE":66,"COMPKEY":870082,"ADDRKEY":"1","EXPBY":null,"EXPDATE":null,"GLOBALID_GUID":"982b52a6-9ae2-4d1c-a9c5-d5fc2f5f186c","SHAPE__Area":591.8203125,"SHAPE__Length":149.07879631619952}},{"type":"Feature","id":672,"geometry":{"type":"Polygon","coordinates":[[[-114.063189583424,51.0478567006948],[-114.062848952779,51.0478463681633],[-114.062817068807,51.0478468527691],[-114.062788149654,51.0478482707054],[-114.062760720977,51.047852960096],[-114.062738840665,51.0478570468871],[-114.062709376664,51.0478647677961],[-114.062682460165,51.047873834892],[-114.062661828075,51.0478834649657],[-114.06264068564,51.0478985520753],[-114.062619406058,51.0479134747425],[-114.062596218024,51.0479324554929],[-114.062585055814,51.0479433012864],[-114.062569757207,51.0479579933016],[-114.062552624853,51.0479485605584],[-114.062536561737,51.047937778781],[-114.062518356665,51.047924974559],[-114.062503364612,51.0479141931032],[-114.062490508562,51.047902060246],[-114.062480147548,51.047893610045],[-114.06245062958,51.0478527621038],[-114.062473317797,51.0478481175715],[-114.062497919793,51.0478433830132],[-114.062520443174,51.0478381308542],[-114.062549354607,51.0478320383286],[-114.06257381848,51.0478264165419],[-114.062602728474,51.0478203249029],[-114.062640539734,51.0478146959527],[-114.062689474839,51.0478099950575],[-114.062739154062,51.0478071636062],[-114.06278512717,51.0478057374215],[-114.062819981473,51.047807120193],[-114.062860767164,51.0478085006633],[-114.063192496301,51.0478194537697],[-114.063189583424,51.0478567006948]]]},"properties":{"OBJECTID":672,"BRIDGE_NO":"1584","BRIDGE_NAME":"1584","POSTED_CLEARANCE":"4.7","LOCATION":"Suncor Energy Centre - The Bow","EOR":" ","SCHEDULE":"A","CONST_DEC":"post-2000","PED_201212":0,"PED_EST":0,"CONN_TYPE":"Bridge","CROSS_LOC":"Centre Street/5-6 Avenues S","IMPACTED":1,"CA_REPORT":"MMM-2016","STREET_CRO":"Centre Street","CITY_OWNED":"Yes","STATUS":"Original","CROSS_ROW":"Yes","UNITID":"1110029927","GLOBALID":"0c1791fd-84bf-4037-8320-f4b568abef22","OWNER":"COC-RD-RM","STATUS_CD":"Active","ACQUISITION_METHOD":null,"ACQUISITION_DATE":null,"HYPERLINK":null,"MODIFY_REASON":null,"MODIFIED_DT":1615826070000,"MODIFIED_ACTION":"MODIFIED ATTRIBUTE","UNITTYPE":"BMPF","CREATED_DT":1469630805000,"PROGRAM_PROJECT":null,"DEVELOPMENT_AGREEMENT":null,"TI_HANDOFF_DATE":null,"CCC_DT":null,"FAC_DT":null,"WORK_ORDER_NUMBERS":null,"GROUP_PROJECT_NUMBERS":null,"HIST_CREATE_ID":null,"HIST_REVISION_ID":"8715f5fb-fd3e-4d45-842b-a5962d77be5c","HIST_EFF_DT":null,"HIST_EXP_DT":null,"COMPTYPE":66,"COMPKEY":870028,"ADDRKEY":"1","EXPBY":null,"EXPDATE":null,"GLOBALID_GUID":"0c1791fd-84bf-4037-8320-f4b568abef22","SHAPE__Area":792.21875,"SHAPE__Length":190.55958157073971}},{"type":"Feature","id":673,"geometry":{"type":"Polygon","coordinates":[[[-114.061464741185,51.0479795247804],[-114.061441023707,51.047985695215],[-114.061415684458,51.0479906241162],[-114.061396839894,51.0479922728441],[-114.061386442288,51.0479926882369],[-114.061141430074,51.0479870812106],[-114.061123234214,51.047987500659],[-114.061109588539,51.0479895556545],[-114.061095946984,51.0479936594056],[-114.061080359097,51.0480002228633],[-114.061067370749,51.0480076030262],[-114.061058934548,51.0480170286702],[-114.061053746417,51.0480248146881],[-114.061051809777,51.048034647767],[-114.061036448716,51.0482149007643],[-114.061011325704,51.0485528225139],[-114.060951832095,51.0485513558643],[-114.060976001924,51.048208377902],[-114.060986170069,51.0480342721023],[-114.060986811792,51.0480277173556],[-114.060988101344,51.0480203433065],[-114.060990690479,51.0480121487159],[-114.060997825305,51.0480010840294],[-114.061005610647,51.0479912487978],[-114.061015346086,51.0479818215805],[-114.061030278077,51.047969934756],[-114.061045863808,51.0479617333773],[-114.06106275073,51.0479539403495],[-114.061083541082,51.0479494238338],[-114.061099132726,51.0479457289964],[-114.061121227504,51.0479440795159],[-114.061147871921,51.0479436547493],[-114.061377286528,51.0479496798853],[-114.061388984783,51.0479492638101],[-114.061400681071,51.0479484387021],[-114.06141042814,51.0479467956527],[-114.061418874005,51.0479447415566],[-114.061435943955,51.0479395185423],[-114.061464741185,51.0479795247804]]]},"properties":{"OBJECTID":673,"BRIDGE_NO":"1587","BRIDGE_NAME":"1587","POSTED_CLEARANCE":"5.0","LOCATION":"Telus House - The Bow","EOR":" ","SCHEDULE":"A/B","CONST_DEC":"post-2000","PED_201212":0,"PED_EST":0,"CONN_TYPE":"Bridge","CROSS_LOC":"5 Avenue/Centre-1 Streets SE","IMPACTED":0,"CA_REPORT":"MMM-2016","STREET_CRO":"5 Avenue","CITY_OWNED":"Yes","STATUS":"Original","CROSS_ROW":"Yes","UNITID":"1110029966","GLOBALID":"d520cd0e-eba5-4a56-b3f8-521efc782398","OWNER":"COC-RD-RM","STATUS_CD":"Active","ACQUISITION_METHOD":null,"ACQUISITION_DATE":null,"HYPERLINK":null,"MODIFY_REASON":null,"MODIFIED_DT":1615826070000,"MODIFIED_ACTION":"MODIFIED ATTRIBUTE","UNITTYPE":"BMPF","CREATED_DT":1469630805000,"PROGRAM_PROJECT":null,"DEVELOPMENT_AGREEMENT":null,"TI_HANDOFF_DATE":null,"CCC_DT":null,"FAC_DT":null,"WORK_ORDER_NUMBERS":null,"GROUP_PROJECT_NUMBERS":null,"HIST_CREATE_ID":null,"HIST_REVISION_ID":"13287b7a-ad39-42b8-b261-4ce666f5a18d","HIST_EFF_DT":null,"HIST_EXP_DT":null,"COMPTYPE":66,"COMPKEY":870031,"ADDRKEY":"1","EXPBY":null,"EXPDATE":null,"GLOBALID_GUID":"d520cd0e-eba5-4a56-b3f8-521efc782398","SHAPE__Area":1045.5,"SHAPE__Length":308.214882926138}},{"type":"Feature","id":674,"geometry":{"type":"Polygon","coordinates":[[[-114.057942549548,51.0449429329384],[-114.057945560452,51.0448975872258],[-114.058046501112,51.0449004408238],[-114.058220620216,51.0449053642009],[-114.058495694332,51.0449131405214],[-114.058497890612,51.044913247299],[-114.058500101153,51.0449133540695],[-114.058496407262,51.0449583504375],[-114.058494367859,51.0449582525711],[-114.058492328456,51.0449581547046],[-114.058217439665,51.044950540099],[-114.058046557813,51.0449458110858],[-114.057942549548,51.0449429329384]]]},"properties":{"OBJECTID":674,"BRIDGE_NO":"1549","BRIDGE_NAME":"1549","POSTED_CLEARANCE":"5.8","LOCATION":"Burns Building - Municipal Building","EOR":" ","SCHEDULE":"A","CONST_DEC":"1980","PED_201212":1952,"PED_EST":2147,"CONN_TYPE":"Bridge","CROSS_LOC":"2 Street/8-9 Avenues SE","IMPACTED":0,"CA_REPORT":"MMM-2016","STREET_CRO":"2 Street","CITY_OWNED":"Yes","STATUS":"Original","CROSS_ROW":"Yes","UNITID":"1110029902","GLOBALID":"55517de1-879b-4242-8d81-0e6ea03e1f07","OWNER":"COC-RD-RM","STATUS_CD":"Active","ACQUISITION_METHOD":null,"ACQUISITION_DATE":null,"HYPERLINK":null,"MODIFY_REASON":null,"MODIFIED_DT":1615826068000,"MODIFIED_ACTION":"MODIFIED ATTRIBUTE","UNITTYPE":"BMPF","CREATED_DT":1469630805000,"PROGRAM_PROJECT":null,"DEVELOPMENT_AGREEMENT":null,"TI_HANDOFF_DATE":null,"CCC_DT":null,"FAC_DT":null,"WORK_ORDER_NUMBERS":null,"GROUP_PROJECT_NUMBERS":null,"HIST_CREATE_ID":null,"HIST_REVISION_ID":"159904da-844c-40ac-9bf5-0a3d238f8291","HIST_EFF_DT":null,"HIST_EXP_DT":null,"COMPTYPE":66,"COMPKEY":870066,"ADDRKEY":"1","EXPBY":null,"EXPDATE":null,"GLOBALID_GUID":"55517de1-879b-4242-8d81-0e6ea03e1f07","SHAPE__Area":494.46875,"SHAPE__Length":139.52388532479023}},{"type":"Feature","id":675,"geometry":{"type":"Polygon","coordinates":[[[-114.056946331047,51.046435870176],[-114.056963033582,51.0462136763131],[-114.056966299481,51.0462137664167],[-114.05696936672,51.0461669994352],[-114.057035947596,51.0461683387975],[-114.057015729462,51.046437680138],[-114.056946331047,51.046435870176]]]},"properties":{"OBJECTID":675,"BRIDGE_NO":"1501","BRIDGE_NAME":"1501","POSTED_CLEARANCE":"4.7","LOCATION":"Police HQ - City Hall","EOR":" ","SCHEDULE":"A","CONST_DEC":"1970","PED_201212":0,"PED_EST":0,"CONN_TYPE":"Bridge","CROSS_LOC":"7 Avenue/2-3 Street SE","IMPACTED":0,"CA_REPORT":"MMM-2016","STREET_CRO":"7 Avenue","CITY_OWNED":"Yes","STATUS":"Original","CROSS_ROW":"Yes","UNITID":"1110029918","GLOBALID":"fa19714a-60a6-4231-9dc9-3c2fadb4c372","OWNER":"COC-RD-RM","STATUS_CD":"Active","ACQUISITION_METHOD":null,"ACQUISITION_DATE":null,"HYPERLINK":null,"MODIFY_REASON":null,"MODIFIED_DT":1615826069000,"MODIFIED_ACTION":"MODIFIED ATTRIBUTE","UNITTYPE":"BMPF","CREATED_DT":1469630805000,"PROGRAM_PROJECT":null,"DEVELOPMENT_AGREEMENT":null,"TI_HANDOFF_DATE":null,"CCC_DT":null,"FAC_DT":null,"WORK_ORDER_NUMBERS":null,"GROUP_PROJECT_NUMBERS":null,"HIST_CREATE_ID":null,"HIST_REVISION_ID":"c71dfae1-b3e8-4d8d-ac50-106a70ccfaa0","HIST_EFF_DT":null,"HIST_EXP_DT":null,"COMPTYPE":66,"COMPKEY":870030,"ADDRKEY":"1","EXPBY":null,"EXPDATE":null,"GLOBALID_GUID":"fa19714a-60a6-4231-9dc9-3c2fadb4c372","SHAPE__Area":365.9921875,"SHAPE__Length":110.93009106450732}},{"type":"Feature","id":676,"geometry":{"type":"Polygon","coordinates":[[[-114.063530403853,51.0474489341586],[-114.06353677746,51.0473531442148],[-114.063600358716,51.0473548635319],[-114.063580202173,51.0476282162448],[-114.063514886484,51.047627642252],[-114.063519224128,51.0475656017655],[-114.063531988591,51.0475659094687],[-114.063533471703,51.0475449976505],[-114.06352404591,51.0475447258899],[-114.063530403853,51.0474489341586]]]},"properties":{"OBJECTID":676,"BRIDGE_NO":"1532","BRIDGE_NAME":"1532","POSTED_CLEARANCE":"4.6","LOCATION":"Suncor Energy Plaza - Hanover Place","EOR":" ","SCHEDULE":"A","CONST_DEC":"1980","PED_201212":6876,"PED_EST":7564,"CONN_TYPE":"Bridge","CROSS_LOC":"6 Avenue/Centre-1 Streets SW","IMPACTED":1,"CA_REPORT":"MMM-2016","STREET_CRO":"6 Avenue","CITY_OWNED":"Yes","STATUS":"Original","CROSS_ROW":"Yes","UNITID":"1110029993","GLOBALID":"98717879-5743-493f-adca-3fda44f547be","OWNER":"COC-RD-RM","STATUS_CD":"Active","ACQUISITION_METHOD":null,"ACQUISITION_DATE":null,"HYPERLINK":null,"MODIFY_REASON":null,"MODIFIED_DT":1615826067000,"MODIFIED_ACTION":"MODIFIED ATTRIBUTE","UNITTYPE":"BMPF","CREATED_DT":1469630805000,"PROGRAM_PROJECT":null,"DEVELOPMENT_AGREEMENT":null,"TI_HANDOFF_DATE":null,"CCC_DT":null,"FAC_DT":null,"WORK_ORDER_NUMBERS":null,"GROUP_PROJECT_NUMBERS":null,"HIST_CREATE_ID":null,"HIST_REVISION_ID":"a4e4858e-a9fc-4cbd-87d3-17d8a18fc6f5","HIST_EFF_DT":null,"HIST_EXP_DT":null,"COMPTYPE":66,"COMPKEY":870065,"ADDRKEY":"1","EXPBY":null,"EXPDATE":null,"GLOBALID_GUID":"98717879-5743-493f-adca-3fda44f547be","SHAPE__Area":339.046875,"SHAPE__Length":113.93835844534337}},{"type":"Feature","id":677,"geometry":{"type":"Polygon","coordinates":[[[-114.078508089361,51.0464359754025],[-114.078619027867,51.0464390885934],[-114.078994590483,51.0464496266491],[-114.078990938042,51.0465006827088],[-114.078575135155,51.0464881391215],[-114.078507831131,51.0464426639372],[-114.078508089361,51.0464359754025]]]},"properties":{"OBJECTID":677,"BRIDGE_NO":"1525","BRIDGE_NAME":"1525","POSTED_CLEARANCE":"4.9","LOCATION":"801 7th Av (Nexen) - Petro Fina","EOR":" ","SCHEDULE":"A","CONST_DEC":"1980","PED_201212":0,"PED_EST":0,"CONN_TYPE":"Bridge","CROSS_LOC":"7 Street/7-8 Avenues SW","IMPACTED":0,"CA_REPORT":"MMM-2016","STREET_CRO":"7 Street","CITY_OWNED":"Yes","STATUS":"Original","CROSS_ROW":"Yes","UNITID":"1110029930","GLOBALID":"bac8453c-a693-40dc-b51d-3a2cc4264018","OWNER":"COC-RD-RM","STATUS_CD":"Active","ACQUISITION_METHOD":null,"ACQUISITION_DATE":null,"HYPERLINK":null,"MODIFY_REASON":null,"MODIFIED_DT":1615826068000,"MODIFIED_ACTION":"MODIFIED ATTRIBUTE","UNITTYPE":"BMPF","CREATED_DT":1469630805000,"PROGRAM_PROJECT":null,"DEVELOPMENT_AGREEMENT":null,"TI_HANDOFF_DATE":null,"CCC_DT":null,"FAC_DT":null,"WORK_ORDER_NUMBERS":null,"GROUP_PROJECT_NUMBERS":null,"HIST_CREATE_ID":null,"HIST_REVISION_ID":"20348d7d-a4a4-4dfc-9660-019f19d2609e","HIST_EFF_DT":null,"HIST_EXP_DT":null,"COMPTYPE":66,"COMPKEY":870045,"ADDRKEY":"1","EXPBY":null,"EXPDATE":null,"GLOBALID_GUID":"bac8453c-a693-40dc-b51d-3a2cc4264018","SHAPE__Area":455.3046875,"SHAPE__Length":121.78391853843056}},{"type":"Feature","id":678,"geometry":{"type":"Polygon","coordinates":[[[-114.075992068896,51.0464259552381],[-114.075962932029,51.046425138133],[-114.075963248412,51.0464206475559],[-114.075859650927,51.0464187658652],[-114.075864244197,51.0463618650675],[-114.076067234461,51.0463671997938],[-114.07606668973,51.0463750634676],[-114.07611588442,51.0463764859802],[-114.076115370162,51.0463837949679],[-114.07616457342,51.0463852174544],[-114.076164060596,51.0463925264413],[-114.076213261012,51.0463939489093],[-114.076212748195,51.0464012578964],[-114.076261950048,51.0464026803429],[-114.076261437238,51.0464099884312],[-114.076310639103,51.0464114117561],[-114.0763101263,51.0464187198447],[-114.076359328174,51.0464201422502],[-114.07635881538,51.0464274512379],[-114.076408000152,51.046428873634],[-114.076407503053,51.0464361826117],[-114.076442758528,51.0464356057919],[-114.076438626185,51.0464913906844],[-114.076399727853,51.0464890554129],[-114.076400237573,51.046481615177],[-114.076345228289,51.0464800734228],[-114.07634573659,51.0464726322891],[-114.076290727318,51.0464710905093],[-114.076291235629,51.0464636502748],[-114.076236226369,51.0464621075703],[-114.076236734688,51.046454667336],[-114.076181725441,51.0464531255048],[-114.07618223377,51.0464456852708],[-114.076127190306,51.0464441416383],[-114.076127694782,51.0464369567154],[-114.076077829794,51.0464355589163],[-114.07607833428,51.0464283748925],[-114.075992068896,51.0464259552381]]]},"properties":{"OBJECTID":678,"BRIDGE_NO":"1567","BRIDGE_NAME":"1567","POSTED_CLEARANCE":"4.7","LOCATION":"Elveden Building (Iveagh House) - Encore Place","EOR":" ","SCHEDULE":"A","CONST_DEC":"1990","PED_201212":0,"PED_EST":0,"CONN_TYPE":"Bridge","CROSS_LOC":"6 Street/7-8 Avenues SW","IMPACTED":0,"CA_REPORT":"MMM-2016","STREET_CRO":"6 Street","CITY_OWNED":"Yes","STATUS":"Original","CROSS_ROW":"Yes","UNITID":"1110029958","GLOBALID":"4eb74900-bfc3-4d50-814e-be0d19bf0c57","OWNER":"COC-RD-RM","STATUS_CD":"Active","ACQUISITION_METHOD":null,"ACQUISITION_DATE":null,"HYPERLINK":null,"MODIFY_REASON":null,"MODIFIED_DT":1615826070000,"MODIFIED_ACTION":"MODIFIED ATTRIBUTE","UNITTYPE":"BMPF","CREATED_DT":1469630805000,"PROGRAM_PROJECT":null,"DEVELOPMENT_AGREEMENT":null,"TI_HANDOFF_DATE":null,"CCC_DT":null,"FAC_DT":null,"WORK_ORDER_NUMBERS":null,"GROUP_PROJECT_NUMBERS":null,"HIST_CREATE_ID":null,"HIST_REVISION_ID":"2a771bcd-435b-49dd-8b2e-55bd370720fb","HIST_EFF_DT":null,"HIST_EXP_DT":null,"COMPTYPE":66,"COMPKEY":870086,"ADDRKEY":"1","EXPBY":null,"EXPDATE":null,"GLOBALID_GUID":"4eb74900-bfc3-4d50-814e-be0d19bf0c57","SHAPE__Area":652.3828125,"SHAPE__Length":170.24892578783042}},{"type":"Feature","id":679,"geometry":{"type":"Polygon","coordinates":[[[-114.069334688351,51.0481022433098],[-114.069356822681,51.0477920287546],[-114.069436668817,51.0477929072903],[-114.069414200393,51.0481044246709],[-114.069334688351,51.0481022433098]]]},"properties":{"OBJECTID":679,"BRIDGE_NO":"1592","BRIDGE_NAME":"1592","POSTED_CLEARANCE":"4.6","LOCATION":"333 5th Av connector - 333 5th Av","EOR":" ","SCHEDULE":"A","CONST_DEC":"1980","PED_201212":0,"PED_EST":0,"CONN_TYPE":"Bridge","CROSS_LOC":"6 Avenue/2-3 Streets SW","IMPACTED":0,"CA_REPORT":"MMM-2016","STREET_CRO":"6 Avenue","CITY_OWNED":"Yes","STATUS":"Original","CROSS_ROW":"Yes","UNITID":"1110029916","GLOBALID":"8d7664a2-213e-4954-b0a2-de8219180a8c","OWNER":"COC-RD-RM","STATUS_CD":"Active","ACQUISITION_METHOD":null,"ACQUISITION_DATE":null,"HYPERLINK":null,"MODIFY_REASON":null,"MODIFIED_DT":1615826069000,"MODIFIED_ACTION":"MODIFIED ATTRIBUTE","UNITTYPE":"BMPF","CREATED_DT":1469630805000,"PROGRAM_PROJECT":null,"DEVELOPMENT_AGREEMENT":null,"TI_HANDOFF_DATE":null,"CCC_DT":null,"FAC_DT":null,"WORK_ORDER_NUMBERS":null,"GROUP_PROJECT_NUMBERS":null,"HIST_CREATE_ID":null,"HIST_REVISION_ID":"b6364d43-7724-484f-9545-b2ec77594c62","HIST_EFF_DT":null,"HIST_EXP_DT":null,"COMPTYPE":66,"COMPKEY":870061,"ADDRKEY":"1","EXPBY":null,"EXPDATE":null,"GLOBALID_GUID":"8d7664a2-213e-4954-b0a2-de8219180a8c","SHAPE__Area":488.921875,"SHAPE__Length":127.95235816654898}},{"type":"Feature","id":680,"geometry":{"type":"Polygon","coordinates":[[[-114.079837787521,51.0474785605433],[-114.079844673057,51.0474230379565],[-114.079923395,51.0474255974688],[-114.079918365905,51.0474808320185],[-114.079837787521,51.0474785605433]]]},"properties":{"OBJECTID":680,"BRIDGE_NO":"1548","BRIDGE_NAME":"1548","POSTED_CLEARANCE":"4.7","LOCATION":"AMEC Place - 840 7th Avenue: West bridge","EOR":" ","SCHEDULE":"A","CONST_DEC":"unknown","PED_201212":0,"PED_EST":0,"CONN_TYPE":"Lane Link","CROSS_LOC":"Lane connecting 7-8 Streets/6-7 Avenues SW","IMPACTED":0,"CA_REPORT":"MMM-2016","STREET_CRO":"Lane connection","CITY_OWNED":"Yes","STATUS":"Original","CROSS_ROW":"Yes","UNITID":"1110029991","GLOBALID":"2bc99554-c696-4b74-ad92-be101b95fe8a","OWNER":"COC-RD-RM","STATUS_CD":"Active","ACQUISITION_METHOD":null,"ACQUISITION_DATE":null,"HYPERLINK":null,"MODIFY_REASON":null,"MODIFIED_DT":1615826068000,"MODIFIED_ACTION":"MODIFIED ATTRIBUTE","UNITTYPE":"BMPF","CREATED_DT":1469630805000,"PROGRAM_PROJECT":null,"DEVELOPMENT_AGREEMENT":null,"TI_HANDOFF_DATE":null,"CCC_DT":null,"FAC_DT":null,"WORK_ORDER_NUMBERS":null,"GROUP_PROJECT_NUMBERS":null,"HIST_CREATE_ID":null,"HIST_REVISION_ID":"7fbe6f23-ffc9-4493-acb2-09caf5ae5407","HIST_EFF_DT":null,"HIST_EXP_DT":null,"COMPTYPE":66,"COMPKEY":870079,"ADDRKEY":"1","EXPBY":null,"EXPDATE":null,"GLOBALID_GUID":"2bc99554-c696-4b74-ad92-be101b95fe8a","SHAPE__Area":87.21875,"SHAPE__Length":37.411519125478804}},{"type":"Feature","id":681,"geometry":{"type":"Polygon","coordinates":[[[-114.061680019971,51.0454040806813],[-114.061760602971,51.0454046224616],[-114.061767824728,51.0454550753235],[-114.06176743147,51.0455057326801],[-114.061759425418,51.0455561387506],[-114.061743881528,51.0456058404112],[-114.061662209192,51.0456035605797],[-114.061662399563,51.0456008662561],[-114.061679502776,51.0454130284362],[-114.061679910938,51.0454046641726],[-114.061680019971,51.0454040806813]]]},"properties":{"OBJECTID":681,"BRIDGE_NO":"1578","BRIDGE_NAME":"1578","POSTED_CLEARANCE":" ","LOCATION":"Telus Convention Centre - Glenbow Museum","EOR":" ","SCHEDULE":"A","CONST_DEC":"1990","PED_201212":1130,"PED_EST":1243,"CONN_TYPE":"Bridge","CROSS_LOC":"8 Avenue/Centre-1 Streets SE","IMPACTED":0,"CA_REPORT":"MMM-2016","STREET_CRO":"8 Avenue","CITY_OWNED":"Yes","STATUS":"Original","CROSS_ROW":"Yes","UNITID":"1110029948","GLOBALID":"6cc97e6e-fd5e-4b1e-907b-2186070fb932","OWNER":"COC-RD-RM","STATUS_CD":"Active","ACQUISITION_METHOD":null,"ACQUISITION_DATE":null,"HYPERLINK":null,"MODIFY_REASON":null,"MODIFIED_DT":1615826069000,"MODIFIED_ACTION":"MODIFIED ATTRIBUTE","UNITTYPE":"BMPF","CREATED_DT":1469630805000,"PROGRAM_PROJECT":null,"DEVELOPMENT_AGREEMENT":null,"TI_HANDOFF_DATE":null,"CCC_DT":null,"FAC_DT":null,"WORK_ORDER_NUMBERS":null,"GROUP_PROJECT_NUMBERS":null,"HIST_CREATE_ID":null,"HIST_REVISION_ID":"36b6d437-2180-47ca-a5fd-a12c73d0ad48","HIST_EFF_DT":null,"HIST_EXP_DT":null,"COMPTYPE":66,"COMPKEY":870014,"ADDRKEY":"1","EXPBY":null,"EXPDATE":null,"GLOBALID_GUID":"6cc97e6e-fd5e-4b1e-907b-2186070fb932","SHAPE__Area":358.1953125,"SHAPE__Length":89.325489099337787}},{"type":"Feature","id":682,"geometry":{"type":"Polygon","coordinates":[[[-114.061859093984,51.044462328443],[-114.061935740355,51.0444646251841],[-114.061934795796,51.0444781453473],[-114.061920860796,51.0446774191963],[-114.06191895817,51.0447093157833],[-114.061841381603,51.0447070186245],[-114.061858127775,51.0444756706203],[-114.061859093984,51.044462328443]]]},"properties":{"OBJECTID":682,"BRIDGE_NO":"1511","BRIDGE_NAME":"1511","POSTED_CLEARANCE":"4.5","LOCATION":"Glenbow Museum - Palliser Square","EOR":" ","SCHEDULE":"A/B","CONST_DEC":"1970","PED_201212":2709,"PED_EST":2980,"CONN_TYPE":"Bridge","CROSS_LOC":"9 Avenue/Centre-1 Streets SE","IMPACTED":1,"CA_REPORT":"MMM-2016","STREET_CRO":"9 Avenue","CITY_OWNED":"Yes","STATUS":"Original","CROSS_ROW":"Yes","UNITID":"1110029931","GLOBALID":"271912f2-3802-4729-ad22-2eedc8a07b1f","OWNER":"COC-RD-RM","STATUS_CD":"Active","ACQUISITION_METHOD":null,"ACQUISITION_DATE":null,"HYPERLINK":null,"MODIFY_REASON":null,"MODIFIED_DT":1615826067000,"MODIFIED_ACTION":"MODIFIED ATTRIBUTE","UNITTYPE":"BMPF","CREATED_DT":1469630805000,"PROGRAM_PROJECT":null,"DEVELOPMENT_AGREEMENT":null,"TI_HANDOFF_DATE":null,"CCC_DT":null,"FAC_DT":null,"WORK_ORDER_NUMBERS":null,"GROUP_PROJECT_NUMBERS":null,"HIST_CREATE_ID":null,"HIST_REVISION_ID":"ba605d41-4a8e-4c62-bf4e-0b7112b2af13","HIST_EFF_DT":null,"HIST_EXP_DT":null,"COMPTYPE":66,"COMPKEY":870063,"ADDRKEY":"1","EXPBY":null,"EXPDATE":null,"GLOBALID_GUID":"271912f2-3802-4729-ad22-2eedc8a07b1f","SHAPE__Area":371.984375,"SHAPE__Length":103.9215702120174}},{"type":"Feature","id":683,"geometry":{"type":"Polygon","coordinates":[[[-114.060440715222,51.0449802679287],[-114.06044093469,51.0449801545445],[-114.060443147407,51.0449512442126],[-114.060497229841,51.0449469937541],[-114.060850863044,51.0449192692303],[-114.060844338424,51.0449864924667],[-114.060491527947,51.0450145221956],[-114.060437491114,51.0450188085867],[-114.060440924863,51.0449802741131],[-114.060440715222,51.0449802679287]]]},"properties":{"OBJECTID":683,"BRIDGE_NO":"1552","BRIDGE_NAME":"1552","POSTED_CLEARANCE":"4.7","LOCATION":"Glenbow Museum - Epcor Centre","EOR":" ","SCHEDULE":"A","CONST_DEC":"1980","PED_201212":0,"PED_EST":0,"CONN_TYPE":"Bridge","CROSS_LOC":"1 Street/8-9 Avenues SE","IMPACTED":1,"CA_REPORT":"MMM-2016","STREET_CRO":"1 Street","CITY_OWNED":"Yes","STATUS":"Original","CROSS_ROW":"Yes","UNITID":"1110029915","GLOBALID":"e31e91f0-95c4-432a-af0c-cf96dc84ce3b","OWNER":"COC-RD-RM","STATUS_CD":"Active","ACQUISITION_METHOD":null,"ACQUISITION_DATE":null,"HYPERLINK":null,"MODIFY_REASON":null,"MODIFIED_DT":1615826070000,"MODIFIED_ACTION":"MODIFIED ATTRIBUTE","UNITTYPE":"BMPF","CREATED_DT":1469630805000,"PROGRAM_PROJECT":null,"DEVELOPMENT_AGREEMENT":null,"TI_HANDOFF_DATE":null,"CCC_DT":null,"FAC_DT":null,"WORK_ORDER_NUMBERS":null,"GROUP_PROJECT_NUMBERS":null,"HIST_CREATE_ID":null,"HIST_REVISION_ID":"ea03a6d9-813a-4d20-acfc-40751bcf4e4c","HIST_EFF_DT":null,"HIST_EXP_DT":null,"COMPTYPE":66,"COMPKEY":870038,"ADDRKEY":"1","EXPBY":null,"EXPDATE":null,"GLOBALID_GUID":"e31e91f0-95c4-432a-af0c-cf96dc84ce3b","SHAPE__Area":537.0625,"SHAPE__Length":115.32657382023204}},{"type":"Feature","id":684,"geometry":{"type":"Polygon","coordinates":[[[-114.064302052716,51.0444747993353],[-114.064306760404,51.0444750017112],[-114.064285739828,51.0447456060967],[-114.064221630201,51.0447438892408],[-114.064230513784,51.0446071936418],[-114.064235031205,51.0445368320987],[-114.064238648065,51.0444731782909],[-114.064258904606,51.0444737964375],[-114.064259409304,51.0444737053637],[-114.064302052716,51.0444747993353]]]},"properties":{"OBJECTID":684,"BRIDGE_NO":"1524","BRIDGE_NAME":"1524","POSTED_CLEARANCE":"4.7","LOCATION":"Encana Place - Tower Centre West","EOR":"RJC","SCHEDULE":"A","CONST_DEC":"1970","PED_201212":0,"PED_EST":0,"CONN_TYPE":"Bridge","CROSS_LOC":"9 Avenue/Centre-1 Streets SW","IMPACTED":0,"CA_REPORT":"MMM-2016","STREET_CRO":"9 Avenue","CITY_OWNED":"Yes","STATUS":"Original","CROSS_ROW":"Yes","UNITID":"1110029975","GLOBALID":"ceef3e42-d69e-409a-9688-48eddce97982","OWNER":"COC-RD-RM","STATUS_CD":"Active","ACQUISITION_METHOD":null,"ACQUISITION_DATE":null,"HYPERLINK":null,"MODIFY_REASON":null,"MODIFIED_DT":1615826070000,"MODIFIED_ACTION":"MODIFIED ATTRIBUTE","UNITTYPE":"BMPF","CREATED_DT":1469630805000,"PROGRAM_PROJECT":null,"DEVELOPMENT_AGREEMENT":null,"TI_HANDOFF_DATE":null,"CCC_DT":null,"FAC_DT":null,"WORK_ORDER_NUMBERS":null,"GROUP_PROJECT_NUMBERS":null,"HIST_CREATE_ID":null,"HIST_REVISION_ID":"0a979e5e-54b8-40f3-b9d0-784f8764a8dd","HIST_EFF_DT":null,"HIST_EXP_DT":null,"COMPTYPE":66,"COMPKEY":870010,"ADDRKEY":"1","EXPBY":null,"EXPDATE":null,"GLOBALID_GUID":"ceef3e42-d69e-409a-9688-48eddce97982","SHAPE__Area":352.28125,"SHAPE__Length":110.67468206595137}},{"type":"Feature","id":685,"geometry":{"type":"Polygon","coordinates":[[[-114.071698705141,51.0510686623887],[-114.071146931943,51.0510511234773],[-114.071149880277,51.0510066117545],[-114.071699213325,51.0510264535185],[-114.071698705141,51.0510686623887]]]},"properties":{"OBJECTID":685,"BRIDGE_NO":"1580","BRIDGE_NAME":"1580","POSTED_CLEARANCE":"4.7","LOCATION":"Centennial Place 1 - Devon Tower","EOR":"RJC","SCHEDULE":"A","CONST_DEC":"post-2000","PED_201212":7768,"PED_EST":8545,"CONN_TYPE":"Bridge","CROSS_LOC":"4 Street/2-3 Avenues SW","IMPACTED":0,"CA_REPORT":"MMM-2016","STREET_CRO":"4 Street","CITY_OWNED":"Yes","STATUS":"Original","CROSS_ROW":"Yes","UNITID":"1110029906","GLOBALID":"ba751a46-90b8-43e7-8537-79ce797dce83","OWNER":"COC-RD-RM","STATUS_CD":"Active","ACQUISITION_METHOD":null,"ACQUISITION_DATE":null,"HYPERLINK":null,"MODIFY_REASON":null,"MODIFIED_DT":1615826067000,"MODIFIED_ACTION":"MODIFIED ATTRIBUTE","UNITTYPE":"BMPF","CREATED_DT":1469630805000,"PROGRAM_PROJECT":null,"DEVELOPMENT_AGREEMENT":null,"TI_HANDOFF_DATE":null,"CCC_DT":null,"FAC_DT":null,"WORK_ORDER_NUMBERS":null,"GROUP_PROJECT_NUMBERS":null,"HIST_CREATE_ID":null,"HIST_REVISION_ID":"4b384cc3-f011-40e5-b11a-0e9e0411d0f1","HIST_EFF_DT":null,"HIST_EXP_DT":null,"COMPTYPE":66,"COMPKEY":870054,"ADDRKEY":"1","EXPBY":null,"EXPDATE":null,"GLOBALID_GUID":"ba751a46-90b8-43e7-8537-79ce797dce83","SHAPE__Area":471.2265625,"SHAPE__Length":138.1177321141684}},{"type":"Feature","id":686,"geometry":{"type":"Polygon","coordinates":[[[-114.070824741208,51.0507056030667],[-114.070811750113,51.0507050508778],[-114.070740934208,51.0507032328846],[-114.070739797833,51.0507156295053],[-114.070727916592,51.0507152321576],[-114.070658771193,51.0506677363066],[-114.070688654135,51.0502875013649],[-114.070767622602,51.050289875413],[-114.0707640428,51.0503460615727],[-114.070745515083,51.0506384861062],[-114.070816544977,51.0506404028539],[-114.070817609812,51.0506278714298],[-114.070828563905,51.0506282243816],[-114.070896125311,51.0506750819237],[-114.070885404475,51.0508013823866],[-114.070866891215,51.0507888772173],[-114.070846072201,51.0507748164222],[-114.070826600761,51.0507867800628],[-114.070816353944,51.0507929037797],[-114.070824741208,51.0507056030667]]]},"properties":{"OBJECTID":686,"BRIDGE_NO":"1559","BRIDGE_NAME":"1559","POSTED_CLEARANCE":"6.3","LOCATION":"Devon Tower - Shell Centre","EOR":" ","SCHEDULE":"A","CONST_DEC":"1980","PED_201212":9994,"PED_EST":10993,"CONN_TYPE":"Bridge","CROSS_LOC":"3 Avenue/3-4 Streets SW","IMPACTED":1,"CA_REPORT":"MMM-2016","STREET_CRO":"3 Avenue","CITY_OWNED":"Yes","STATUS":"Original","CROSS_ROW":"Yes","UNITID":"1110029900","GLOBALID":"2db4a244-2a6e-40d8-be6b-bea5846b066e","OWNER":"COC-RD-RM","STATUS_CD":"Active","ACQUISITION_METHOD":null,"ACQUISITION_DATE":null,"HYPERLINK":null,"MODIFY_REASON":null,"MODIFIED_DT":1615826069000,"MODIFIED_ACTION":"MODIFIED ATTRIBUTE","UNITTYPE":"BMPF","CREATED_DT":1469630805000,"PROGRAM_PROJECT":null,"DEVELOPMENT_AGREEMENT":null,"TI_HANDOFF_DATE":null,"CCC_DT":null,"FAC_DT":null,"WORK_ORDER_NUMBERS":null,"GROUP_PROJECT_NUMBERS":null,"HIST_CREATE_ID":null,"HIST_REVISION_ID":"ffa50c60-1856-425e-a2b2-70c0a6a24dd2","HIST_EFF_DT":null,"HIST_EXP_DT":null,"COMPTYPE":66,"COMPKEY":870085,"ADDRKEY":"1","EXPBY":null,"EXPDATE":null,"GLOBALID_GUID":"2db4a244-2a6e-40d8-be6b-bea5846b066e","SHAPE__Area":951.328125,"SHAPE__Length":233.73326822747009}},{"type":"Feature","id":687,"geometry":{"type":"Polygon","coordinates":[[[-114.066387024982,51.0486032541262],[-114.066396258321,51.0484747371093],[-114.066405476498,51.0483466237362],[-114.066438478049,51.0483475408132],[-114.066448922336,51.0483478306382],[-114.06649263349,51.0483490688371],[-114.066483217605,51.0484773854973],[-114.066473801649,51.0486056886695],[-114.066387024982,51.0486032541262]]]},"properties":{"OBJECTID":687,"BRIDGE_NO":"1529","BRIDGE_NAME":"1529","POSTED_CLEARANCE":"4.7","LOCATION":"Fifth Avenue Place - Bow Valley Square","EOR":" ","SCHEDULE":"A","CONST_DEC":"1980","PED_201212":12764,"PED_EST":14040,"CONN_TYPE":"Bridge","CROSS_LOC":"5 Avenue/1-2 Streets SW","IMPACTED":0,"CA_REPORT":"MMM-2016","STREET_CRO":"5 Avenue","CITY_OWNED":"Yes","STATUS":"Original","CROSS_ROW":"Yes","UNITID":"1110029972","GLOBALID":"57b4e808-2360-483f-a3e2-68f6632a0d75","OWNER":"COC-RD-RM","STATUS_CD":"Active","ACQUISITION_METHOD":null,"ACQUISITION_DATE":null,"HYPERLINK":null,"MODIFY_REASON":null,"MODIFIED_DT":1615826069000,"MODIFIED_ACTION":"MODIFIED ATTRIBUTE","UNITTYPE":"BMPF","CREATED_DT":1469630805000,"PROGRAM_PROJECT":null,"DEVELOPMENT_AGREEMENT":null,"TI_HANDOFF_DATE":null,"CCC_DT":null,"FAC_DT":null,"WORK_ORDER_NUMBERS":null,"GROUP_PROJECT_NUMBERS":null,"HIST_CREATE_ID":null,"HIST_REVISION_ID":"49c9e602-2c19-4851-b8ec-6e21ea338ef6","HIST_EFF_DT":null,"HIST_EXP_DT":null,"COMPTYPE":66,"COMPKEY":870064,"ADDRKEY":"1","EXPBY":null,"EXPDATE":null,"GLOBALID_GUID":"57b4e808-2360-483f-a3e2-68f6632a0d75","SHAPE__Area":440.8515625,"SHAPE__Length":110.35921501850555}},{"type":"Feature","id":688,"geometry":{"type":"Polygon","coordinates":[[[-114.05916218508,51.0480807713099],[-114.059237533055,51.0480825050232],[-114.059208931654,51.0484743080937],[-114.059389894955,51.0484797845232],[-114.059384656787,51.0485557701704],[-114.059207288285,51.0485511729054],[-114.059207368469,51.0485469476923],[-114.058950343684,51.0485401770884],[-114.058951040771,51.0485163350772],[-114.059050736662,51.0485187856954],[-114.059050946143,51.048515289484],[-114.058904568347,51.0485104153967],[-114.058907392553,51.0484657341221],[-114.059133368006,51.0484717015684],[-114.05916218508,51.0480807713099]]]},"properties":{"OBJECTID":688,"BRIDGE_NO":"1507","BRIDGE_NAME":"1507","POSTED_CLEARANCE":"4.5","LOCATION":"CBE - Delta Bow Valley","EOR":" ","SCHEDULE":"Roads","CONST_DEC":"1970","PED_201212":0,"PED_EST":0,"CONN_TYPE":"Bridge","CROSS_LOC":"5 Avenue/1-2 Streets SE","IMPACTED":0,"CA_REPORT":" ","STREET_CRO":"5 Avenue","CITY_OWNED":"Yes","STATUS":"Original","CROSS_ROW":"Yes","UNITID":"1110029932","GLOBALID":"746dee56-cc15-4ba3-bef7-b3002412dda7","OWNER":"COC-RD-RM","STATUS_CD":"Active","ACQUISITION_METHOD":null,"ACQUISITION_DATE":null,"HYPERLINK":null,"MODIFY_REASON":null,"MODIFIED_DT":1615826067000,"MODIFIED_ACTION":"MODIFIED ATTRIBUTE","UNITTYPE":"BMPF","CREATED_DT":1469630805000,"PROGRAM_PROJECT":null,"DEVELOPMENT_AGREEMENT":null,"TI_HANDOFF_DATE":null,"CCC_DT":null,"FAC_DT":null,"WORK_ORDER_NUMBERS":null,"GROUP_PROJECT_NUMBERS":null,"HIST_CREATE_ID":null,"HIST_REVISION_ID":"bb310d17-1763-435b-972b-9345ea0becd8","HIST_EFF_DT":null,"HIST_EXP_DT":null,"COMPTYPE":66,"COMPKEY":870039,"ADDRKEY":"1","EXPBY":null,"EXPDATE":null,"GLOBALID_GUID":"746dee56-cc15-4ba3-bef7-b3002412dda7","SHAPE__Area":1256.953125,"SHAPE__Length":295.2855785410249}},{"type":"Feature","id":689,"geometry":{"type":"Polygon","coordinates":[[[-114.05929568322,51.0475159292742],[-114.059315139893,51.0472309710132],[-114.059390901649,51.0472328203851],[-114.059369912914,51.0475182343173],[-114.059367948863,51.0475448188465],[-114.059293827485,51.0475424912728],[-114.05929568322,51.0475159292742]]]},"properties":{"OBJECTID":689,"BRIDGE_NO":"1509","BRIDGE_NAME":"1509","POSTED_CLEARANCE":"4.4","LOCATION":"Rocky Mountain Plaza - CBE","EOR":" ","SCHEDULE":"B/Roads","CONST_DEC":"1980","PED_201212":0,"PED_EST":0,"CONN_TYPE":"Bridge","CROSS_LOC":"6 Avenue/1-2 Streets SE","IMPACTED":0,"CA_REPORT":" ","STREET_CRO":"6 Avenue","CITY_OWNED":"Yes","STATUS":"Original","CROSS_ROW":"Yes","UNITID":"1110029941","GLOBALID":"2c988227-22f3-4492-b6ad-a1a95d1b46ae","OWNER":"COC-RD-RM","STATUS_CD":"Active","ACQUISITION_METHOD":null,"ACQUISITION_DATE":null,"HYPERLINK":null,"MODIFY_REASON":null,"MODIFIED_DT":1615826067000,"MODIFIED_ACTION":"MODIFIED ATTRIBUTE","UNITTYPE":"BMPF","CREATED_DT":1469630805000,"PROGRAM_PROJECT":null,"DEVELOPMENT_AGREEMENT":null,"TI_HANDOFF_DATE":null,"CCC_DT":null,"FAC_DT":null,"WORK_ORDER_NUMBERS":null,"GROUP_PROJECT_NUMBERS":null,"HIST_CREATE_ID":null,"HIST_REVISION_ID":"d9de4e02-9615-4b2e-8243-80d045fd8715","HIST_EFF_DT":null,"HIST_EXP_DT":null,"COMPTYPE":66,"COMPKEY":870009,"ADDRKEY":"1","EXPBY":null,"EXPDATE":null,"GLOBALID_GUID":"2c988227-22f3-4492-b6ad-a1a95d1b46ae","SHAPE__Area":461.34375,"SHAPE__Length":127.21765376668611}},{"type":"Feature","id":690,"geometry":{"type":"Polygon","coordinates":[[[-114.056692665025,51.0474651136375],[-114.056629890928,51.0474632733053],[-114.056649924273,51.0471559901113],[-114.056713681902,51.0471577580377],[-114.056692665025,51.0474651136375]]]},"properties":{"OBJECTID":690,"BRIDGE_NO":"53","BRIDGE_NAME":"1515 R","POSTED_CLEARANCE":"4.6","LOCATION":"Bow Valley College (S) - Bow Valley College (N)","EOR":"RJC","SCHEDULE":"na","CONST_DEC":"post-2000","PED_201212":0,"PED_EST":0,"CONN_TYPE":"Bridge","CROSS_LOC":"6 Avenue/2-3 Street SE","IMPACTED":0,"CA_REPORT":" ","STREET_CRO":"6 Avenue","CITY_OWNED":"na","STATUS":"Demised","CROSS_ROW":"Yes","UNITID":"1110029987","GLOBALID":"60edecba-1bfe-4cb3-a49f-8fb16158bc35","OWNER":null,"STATUS_CD":"Retired","ACQUISITION_METHOD":null,"ACQUISITION_DATE":null,"HYPERLINK":null,"MODIFY_REASON":null,"MODIFIED_DT":1615826069000,"MODIFIED_ACTION":"MODIFIED ATTRIBUTE","UNITTYPE":"BMPF","CREATED_DT":1469630805000,"PROGRAM_PROJECT":null,"DEVELOPMENT_AGREEMENT":null,"TI_HANDOFF_DATE":null,"CCC_DT":null,"FAC_DT":null,"WORK_ORDER_NUMBERS":null,"GROUP_PROJECT_NUMBERS":null,"HIST_CREATE_ID":null,"HIST_REVISION_ID":"85172438-cabe-457e-b5f9-068263ddc0bc","HIST_EFF_DT":null,"HIST_EXP_DT":null,"COMPTYPE":66,"COMPKEY":886544,"ADDRKEY":"1","EXPBY":null,"EXPDATE":null,"GLOBALID_GUID":"60edecba-1bfe-4cb3-a49f-8fb16158bc35","SHAPE__Area":383.9765625,"SHAPE__Length":123.02938867227536}},{"type":"Feature","id":691,"geometry":{"type":"Polygon","coordinates":[[[-114.077295630772,51.0452057221827],[-114.077304641629,51.045086307375],[-114.077315396353,51.0449436583394],[-114.077315578298,51.0449407329593],[-114.077317748901,51.0449125379163],[-114.077318715197,51.044899340346],[-114.077403245259,51.0449018293914],[-114.077379412791,51.0452082665774],[-114.077295630772,51.0452057221827]]]},"properties":{"OBJECTID":691,"BRIDGE_NO":"1535","BRIDGE_NAME":"1535","POSTED_CLEARANCE":"4.5","LOCATION":"Western Canadian Place - 9th Ave Sidewalk","EOR":" ","SCHEDULE":"A/B","CONST_DEC":"1980","PED_201212":0,"PED_EST":0,"CONN_TYPE":"Bridge","CROSS_LOC":"9 Avenue/6-7 Streets SW","IMPACTED":1,"CA_REPORT":"MMM-2016","STREET_CRO":"9 Avenue","CITY_OWNED":"Yes","STATUS":"Original","CROSS_ROW":"Yes","UNITID":"1110029967","GLOBALID":"c3903fe6-a0e3-43a6-9c79-5d1c57bcf4a3","OWNER":"COC-RD-RM","STATUS_CD":"Active","ACQUISITION_METHOD":null,"ACQUISITION_DATE":null,"HYPERLINK":null,"MODIFY_REASON":null,"MODIFIED_DT":1615826070000,"MODIFIED_ACTION":"MODIFIED ATTRIBUTE","UNITTYPE":"BMPF","CREATED_DT":1469630805000,"PROGRAM_PROJECT":null,"DEVELOPMENT_AGREEMENT":null,"TI_HANDOFF_DATE":null,"CCC_DT":null,"FAC_DT":null,"WORK_ORDER_NUMBERS":null,"GROUP_PROJECT_NUMBERS":null,"HIST_CREATE_ID":null,"HIST_REVISION_ID":"0a9613e1-2d39-481d-a46f-9bf22f07dcd4","HIST_EFF_DT":null,"HIST_EXP_DT":null,"COMPTYPE":66,"COMPKEY":870007,"ADDRKEY":"1","EXPBY":null,"EXPDATE":null,"GLOBALID_GUID":"c3903fe6-a0e3-43a6-9c79-5d1c57bcf4a3","SHAPE__Area":509.3515625,"SHAPE__Length":127.38926781726107}},{"type":"Feature","id":692,"geometry":{"type":"Polygon","coordinates":[[[-114.073471115528,51.0482714364422],[-114.073460480044,51.0482711069111],[-114.073442198404,51.0482704927143],[-114.073412882222,51.0482697191358],[-114.073383852486,51.0482688087262],[-114.073238096522,51.0482644151698],[-114.073237957449,51.0482666626894],[-114.073233236614,51.0482665308013],[-114.073235307184,51.0482410615996],[-114.07343376748,51.0482465215033],[-114.073433857963,51.0482315895053],[-114.073436553022,51.0481916500384],[-114.073525313278,51.0481942012596],[-114.073525149825,51.0481972551736],[-114.073882395782,51.0482092226749],[-114.073879048615,51.0482567714715],[-114.073522803245,51.0482464664306],[-114.07352087846,51.0482729370015],[-114.073471115528,51.0482714364422]]]},"properties":{"OBJECTID":692,"BRIDGE_NO":"1538","BRIDGE_NAME":"1538","POSTED_CLEARANCE":"4.6","LOCATION":"Fifth & Fifth - Five Ten Fifth","EOR":"RJC","SCHEDULE":"A","CONST_DEC":"1980","PED_201212":6280,"PED_EST":6908,"CONN_TYPE":"Bridge","CROSS_LOC":"5 Street/5-6 Avenues SW","IMPACTED":0,"CA_REPORT":"MMM-2016","STREET_CRO":"5 Street","CITY_OWNED":"Yes","STATUS":"Original","CROSS_ROW":"Yes","UNITID":"1110029969","GLOBALID":"e6a96fa9-eab7-4d72-abe0-91daa9cb78da","OWNER":"COC-RD-RM","STATUS_CD":"Active","ACQUISITION_METHOD":null,"ACQUISITION_DATE":null,"HYPERLINK":null,"MODIFY_REASON":null,"MODIFIED_DT":1615826069000,"MODIFIED_ACTION":"MODIFIED ATTRIBUTE","UNITTYPE":"BMPF","CREATED_DT":1469630805000,"PROGRAM_PROJECT":null,"DEVELOPMENT_AGREEMENT":null,"TI_HANDOFF_DATE":null,"CCC_DT":null,"FAC_DT":null,"WORK_ORDER_NUMBERS":null,"GROUP_PROJECT_NUMBERS":null,"HIST_CREATE_ID":null,"HIST_REVISION_ID":"3cb4ae72-4b66-4366-b789-d0f22257561f","HIST_EFF_DT":null,"HIST_EXP_DT":null,"COMPTYPE":66,"COMPKEY":870019,"ADDRKEY":"1","EXPBY":null,"EXPDATE":null,"GLOBALID_GUID":"e6a96fa9-eab7-4d72-abe0-91daa9cb78da","SHAPE__Area":571.4453125,"SHAPE__Length":171.86768036422}},{"type":"Feature","id":693,"geometry":{"type":"Polygon","coordinates":[[[-114.070490708263,51.0472129133907],[-114.0704909052,51.0472101803936],[-114.07013760822,51.0472000951918],[-114.070141112081,51.0471508841992],[-114.070486849755,51.0471607033584],[-114.070487106788,51.0471571612493],[-114.070530524713,51.0471584925072],[-114.070526503049,51.0472139310108],[-114.070490708263,51.0472129133907]]]},"properties":{"OBJECTID":693,"BRIDGE_NO":"1577","BRIDGE_NAME":"1577","POSTED_CLEARANCE":"4.6","LOCATION":"444 7th Av - First Canadian Centre","EOR":"RJC","SCHEDULE":"A","CONST_DEC":"1990","PED_201212":0,"PED_EST":0,"CONN_TYPE":"Bridge","CROSS_LOC":"3 Street/6-7 Avenues SW","IMPACTED":0,"CA_REPORT":"MMM-2016","STREET_CRO":"3 Street","CITY_OWNED":"Yes","STATUS":"Original","CROSS_ROW":"Yes","UNITID":"1110029963","GLOBALID":"44b94de1-1bdd-49ca-8372-156f10164749","OWNER":"COC-RD-RM","STATUS_CD":"Active","ACQUISITION_METHOD":null,"ACQUISITION_DATE":null,"HYPERLINK":null,"MODIFY_REASON":null,"MODIFIED_DT":1615826070000,"MODIFIED_ACTION":"MODIFIED ATTRIBUTE","UNITTYPE":"BMPF","CREATED_DT":1469630805000,"PROGRAM_PROJECT":null,"DEVELOPMENT_AGREEMENT":null,"TI_HANDOFF_DATE":null,"CCC_DT":null,"FAC_DT":null,"WORK_ORDER_NUMBERS":null,"GROUP_PROJECT_NUMBERS":null,"HIST_CREATE_ID":null,"HIST_REVISION_ID":"207f8cd0-4b26-4ee5-866d-f8efd76e9d2f","HIST_EFF_DT":null,"HIST_EXP_DT":null,"COMPTYPE":66,"COMPKEY":870026,"ADDRKEY":"1","EXPBY":null,"EXPDATE":null,"GLOBALID_GUID":"44b94de1-1bdd-49ca-8372-156f10164749","SHAPE__Area":383.375,"SHAPE__Length":106.38502618013131}},{"type":"Feature","id":694,"geometry":{"type":"Polygon","coordinates":[[[-114.078946504686,51.0473984992847],[-114.079022150462,51.0474002910616],[-114.079019892615,51.0474562977149],[-114.078943676137,51.0474544164246],[-114.078946504686,51.0473984992847]]]},"properties":{"OBJECTID":694,"BRIDGE_NO":"1589","BRIDGE_NAME":"1589","POSTED_CLEARANCE":"4.7","LOCATION":"AMEC Place - 840 7th Avenue: East Bridge","EOR":"RJC","SCHEDULE":"A","CONST_DEC":"unknown","PED_201212":0,"PED_EST":0,"CONN_TYPE":"Lane Link","CROSS_LOC":"Lane connecting 7-8 Streets/6-7 Avenues SW","IMPACTED":0,"CA_REPORT":"MMM-2016","STREET_CRO":"Lane connection","CITY_OWNED":"Yes","STATUS":"Original","CROSS_ROW":"Yes","UNITID":"1110029980","GLOBALID":"fbc52905-6d80-4ca0-b7b6-8042f7800bea","OWNER":"COC-RD-RM","STATUS_CD":"Active","ACQUISITION_METHOD":null,"ACQUISITION_DATE":null,"HYPERLINK":null,"MODIFY_REASON":null,"MODIFIED_DT":1615826070000,"MODIFIED_ACTION":"MODIFIED ATTRIBUTE","UNITTYPE":"BMPF","CREATED_DT":1469630805000,"PROGRAM_PROJECT":null,"DEVELOPMENT_AGREEMENT":null,"TI_HANDOFF_DATE":null,"CCC_DT":null,"FAC_DT":null,"WORK_ORDER_NUMBERS":null,"GROUP_PROJECT_NUMBERS":null,"HIST_CREATE_ID":null,"HIST_REVISION_ID":"8450f3e9-5807-4285-a569-a4631ad0fd7f","HIST_EFF_DT":null,"HIST_EXP_DT":null,"COMPTYPE":66,"COMPKEY":870087,"ADDRKEY":"1","EXPBY":null,"EXPDATE":null,"GLOBALID_GUID":"fbc52905-6d80-4ca0-b7b6-8042f7800bea","SHAPE__Area":83.859375,"SHAPE__Length":36.744218776701466}},{"type":"Feature","id":695,"geometry":{"type":"Polygon","coordinates":[[[-114.070823147878,51.0497347594073],[-114.070823070783,51.0497113277296],[-114.070840891559,51.0494608999779],[-114.070842975604,51.0494312146336],[-114.070886399773,51.0494324342828],[-114.070916261577,51.0494332863746],[-114.070914170756,51.0494622390615],[-114.070894121106,51.0497368963906],[-114.070823147878,51.0497347594073]]]},"properties":{"OBJECTID":695,"BRIDGE_NO":"1512","BRIDGE_NAME":"1512","POSTED_CLEARANCE":"4.3","LOCATION":"Shell Centre - Fourth and Fourth","EOR":" ","SCHEDULE":"A","CONST_DEC":"1980","PED_201212":4994,"PED_EST":5493,"CONN_TYPE":"Bridge","CROSS_LOC":"4 Avenue/3-4 Streets SW","IMPACTED":2,"CA_REPORT":"MMM-2016","STREET_CRO":"4 Avenue","CITY_OWNED":"Yes","STATUS":"Original","CROSS_ROW":"Yes","UNITID":"1110029956","GLOBALID":"a95ed31e-ba7b-4cee-b2ae-c4032d29643a","OWNER":"COC-RD-RM","STATUS_CD":"Active","ACQUISITION_METHOD":null,"ACQUISITION_DATE":null,"HYPERLINK":null,"MODIFY_REASON":null,"MODIFIED_DT":1615826068000,"MODIFIED_ACTION":"MODIFIED ATTRIBUTE","UNITTYPE":"BMPF","CREATED_DT":1469630805000,"PROGRAM_PROJECT":null,"DEVELOPMENT_AGREEMENT":null,"TI_HANDOFF_DATE":null,"CCC_DT":null,"FAC_DT":null,"WORK_ORDER_NUMBERS":null,"GROUP_PROJECT_NUMBERS":null,"HIST_CREATE_ID":null,"HIST_REVISION_ID":"c87a760b-6b1b-40f4-a4fa-3d297be9a0b5","HIST_EFF_DT":null,"HIST_EXP_DT":null,"COMPTYPE":66,"COMPKEY":870035,"ADDRKEY":"1","EXPBY":null,"EXPDATE":null,"GLOBALID_GUID":"a95ed31e-ba7b-4cee-b2ae-c4032d29643a","SHAPE__Area":437.3046875,"SHAPE__Length":123.69569587587596}},{"type":"Feature","id":696,"geometry":{"type":"Polygon","coordinates":[[[-114.071926622137,50.9975912806521],[-114.071039757589,50.9975631511487],[-114.070634781658,50.9975696302101],[-114.070634687028,50.997507298534],[-114.070934962823,50.9975033759585],[-114.070936908352,50.99748342909],[-114.071049519745,50.9974871004259],[-114.071039689064,50.9975182722704],[-114.071839613058,50.9975364828687],[-114.071872973029,50.9973906063094],[-114.07195199523,50.997391804559],[-114.071922592665,50.9975401715787],[-114.071926622137,50.9975912806521]]]},"properties":{"OBJECTID":696,"BRIDGE_NO":"1596","BRIDGE_NAME":"1596","POSTED_CLEARANCE":"5.6","LOCATION":"Chinook Centre - 61 Avenue SW","EOR":" ","SCHEDULE":null,"CONST_DEC":"post-2000","PED_201212":0,"PED_EST":0,"CONN_TYPE":"Bridge","CROSS_LOC":"Macleod Tr SE/61 AV SW","IMPACTED":0,"CA_REPORT":null,"STREET_CRO":"Macleod Tr","CITY_OWNED":"Yes","STATUS":"Original","CROSS_ROW":"Yes","UNITID":"1110210860","GLOBALID":"86728c9d-5b22-4a01-9ff7-434e494fa8cf","OWNER":"COC-RD-RM","STATUS_CD":"Active","ACQUISITION_METHOD":null,"ACQUISITION_DATE":null,"HYPERLINK":null,"MODIFY_REASON":null,"MODIFIED_DT":1615826068000,"MODIFIED_ACTION":"MODIFIED ATTRIBUTE","UNITTYPE":"BMPF","CREATED_DT":1549880284000,"PROGRAM_PROJECT":null,"DEVELOPMENT_AGREEMENT":null,"TI_HANDOFF_DATE":null,"CCC_DT":null,"FAC_DT":null,"WORK_ORDER_NUMBERS":null,"GROUP_PROJECT_NUMBERS":null,"HIST_CREATE_ID":"09969026-db5c-4143-9357-5d762357f5bf","HIST_REVISION_ID":"d87c60c9-e53b-48b3-a0f9-9d049a62e42f","HIST_EFF_DT":1549880284000,"HIST_EXP_DT":null,"COMPTYPE":66,"COMPKEY":870004,"ADDRKEY":"1","EXPBY":null,"EXPDATE":null,"GLOBALID_GUID":"86728c9d-5b22-4a01-9ff7-434e494fa8cf","SHAPE__Area":1616.8515625,"SHAPE__Length":369.58499267367722}},{"type":"Feature","id":697,"geometry":{"type":"Polygon","coordinates":[[[-114.078005693818,51.0458649180395],[-114.077799016147,51.045861248639],[-114.077800175666,51.0458374709207],[-114.077801328281,51.0458138298508],[-114.078008745401,51.0458240037249],[-114.078005821173,51.0458515897754],[-114.078005693818,51.0458649180395]]]},"properties":{"OBJECTID":697,"BRIDGE_NO":"1597","BRIDGE_NAME":"1597","POSTED_CLEARANCE":null,"LOCATION":"Western Canadian Place - First Alberta Place","EOR":" ","SCHEDULE":"A","CONST_DEC":"1980","PED_201212":0,"PED_EST":0,"CONN_TYPE":"Bridge","CROSS_LOC":"8 Avenue/6-7 Street SW","IMPACTED":0,"CA_REPORT":null,"STREET_CRO":"8 Avenue","CITY_OWNED":"Yes","STATUS":"Original","CROSS_ROW":"Yes","UNITID":"1110286326","GLOBALID":"78c55076-b422-4883-a4f9-b0ba38de9dc1","OWNER":"COC-RD-RM","STATUS_CD":"Active","ACQUISITION_METHOD":null,"ACQUISITION_DATE":null,"HYPERLINK":null,"MODIFY_REASON":null,"MODIFIED_DT":1615826069000,"MODIFIED_ACTION":"MODIFIED ATTRIBUTE","UNITTYPE":"BMPF","CREATED_DT":1593440125000,"PROGRAM_PROJECT":null,"DEVELOPMENT_AGREEMENT":null,"TI_HANDOFF_DATE":null,"CCC_DT":null,"FAC_DT":null,"WORK_ORDER_NUMBERS":null,"GROUP_PROJECT_NUMBERS":null,"HIST_CREATE_ID":"79a02f99-19f1-48c3-9a58-554dee5fc8e5","HIST_REVISION_ID":"f7e6d324-e129-47c0-9a2b-68d9b4defc96","HIST_EFF_DT":1593440125000,"HIST_EXP_DT":null,"COMPTYPE":66,"COMPKEY":870068,"ADDRKEY":"1","EXPBY":null,"EXPDATE":null,"GLOBALID_GUID":"78c55076-b422-4883-a4f9-b0ba38de9dc1","SHAPE__Area":180.2578125,"SHAPE__Length":61.83154211974049}},{"type":"Feature","id":698,"geometry":{"type":"Polygon","coordinates":[[[-114.070673785661,51.0517166384638],[-114.070676019068,51.0516828087809],[-114.070700786567,51.0516838824582],[-114.070703249279,51.0516657774616],[-114.070708731085,51.0515715870049],[-114.070732377978,51.0512490123839],[-114.070762310579,51.0512693523979],[-114.070796537357,51.0512492477277],[-114.070766480083,51.0516871149638],[-114.070806768862,51.0516885379106],[-114.070803937368,51.0517201223252],[-114.070735871223,51.0517183161478],[-114.070700251225,51.0517172859006],[-114.070673785661,51.0517166384638]]]},"properties":{"OBJECTID":698,"BRIDGE_NO":"1573","BRIDGE_NAME":"1573","POSTED_CLEARANCE":"4.7","LOCATION":"Sheraton/Ernst Young Tower - Devon Tower","EOR":" ","SCHEDULE":"A","CONST_DEC":"1990","PED_201212":5211,"PED_EST":5732,"CONN_TYPE":"Bridge","CROSS_LOC":"2 Avenue/3-4 Streets SW","IMPACTED":0,"CA_REPORT":"MMM-2016","STREET_CRO":"2 Avenue","CITY_OWNED":"Yes","STATUS":"Original","CROSS_ROW":"Yes","UNITID":"1110029910","GLOBALID":"2d41f05f-94d7-4507-bfeb-2715fa7553d5","OWNER":"COC-RD-RM","STATUS_CD":"Active","ACQUISITION_METHOD":null,"ACQUISITION_DATE":null,"HYPERLINK":null,"MODIFY_REASON":null,"MODIFIED_DT":1615826067000,"MODIFIED_ACTION":"MODIFIED ATTRIBUTE","UNITTYPE":"BMPF","CREATED_DT":1469630805000,"PROGRAM_PROJECT":null,"DEVELOPMENT_AGREEMENT":null,"TI_HANDOFF_DATE":null,"CCC_DT":null,"FAC_DT":null,"WORK_ORDER_NUMBERS":null,"GROUP_PROJECT_NUMBERS":null,"HIST_CREATE_ID":null,"HIST_REVISION_ID":"fbb32d85-637f-42e5-b09d-000e84c273b3","HIST_EFF_DT":null,"HIST_EXP_DT":null,"COMPTYPE":66,"COMPKEY":870040,"ADDRKEY":"1","EXPBY":null,"EXPDATE":null,"GLOBALID_GUID":"2d41f05f-94d7-4507-bfeb-2715fa7553d5","SHAPE__Area":630.3359375,"SHAPE__Length":198.18082395436932}},{"type":"Feature","id":699,"geometry":{"type":"Polygon","coordinates":[[[-114.057782167714,51.046842064625],[-114.057782610703,51.0467946354822],[-114.058317915192,51.0468100899656],[-114.058314401784,51.0468582470126],[-114.057782167714,51.046842064625]]]},"properties":{"OBJECTID":699,"BRIDGE_NO":"1504","BRIDGE_NAME":"1504","POSTED_CLEARANCE":"4.5","LOCATION":"Rocky Mountain Plaza - Public Library","EOR":" ","SCHEDULE":"A","CONST_DEC":"1970","PED_201212":0,"PED_EST":0,"CONN_TYPE":"Bridge","CROSS_LOC":"2 Street/6-7 Avenues SE","IMPACTED":0,"CA_REPORT":"MMM-2016","STREET_CRO":"2 Street","CITY_OWNED":"Yes","STATUS":"Original","CROSS_ROW":"Yes","UNITID":"1110029978","GLOBALID":"b1586ebb-2776-4ec7-b510-1f5a685f1c4f","OWNER":"COC-RD-RM","STATUS_CD":"Active","ACQUISITION_METHOD":null,"ACQUISITION_DATE":null,"HYPERLINK":null,"MODIFY_REASON":null,"MODIFIED_DT":1615826067000,"MODIFIED_ACTION":"MODIFIED ATTRIBUTE","UNITTYPE":"BMPF","CREATED_DT":1469630805000,"PROGRAM_PROJECT":null,"DEVELOPMENT_AGREEMENT":null,"TI_HANDOFF_DATE":null,"CCC_DT":null,"FAC_DT":null,"WORK_ORDER_NUMBERS":null,"GROUP_PROJECT_NUMBERS":null,"HIST_CREATE_ID":null,"HIST_REVISION_ID":"27a760ff-67b4-473e-b651-efe128dc7be9","HIST_EFF_DT":null,"HIST_EXP_DT":null,"COMPTYPE":66,"COMPKEY":870075,"ADDRKEY":"1","EXPBY":null,"EXPDATE":null,"GLOBALID_GUID":"b1586ebb-2776-4ec7-b510-1f5a685f1c4f","SHAPE__Area":503.4609375,"SHAPE__Length":135.90418267947845}},{"type":"Feature","id":700,"geometry":{"type":"Polygon","coordinates":[[[-114.070840827742,51.0453248182902],[-114.070844849518,51.0452800892279],[-114.071341672799,51.045294869112],[-114.071342129602,51.0452905249936],[-114.071670230185,51.0453003469217],[-114.071670208907,51.0453429322047],[-114.071354523453,51.0453368001755],[-114.070840827742,51.0453248182902]]]},"properties":{"OBJECTID":700,"BRIDGE_NO":"1581","BRIDGE_NAME":"1581","POSTED_CLEARANCE":"5.7","LOCATION":"HSBC - Eighth Avenue Place","EOR":"RJC","SCHEDULE":"A","CONST_DEC":"post-2000","PED_201212":0,"PED_EST":0,"CONN_TYPE":"Bridge","CROSS_LOC":"4 Street/8-9 Avenues SW","IMPACTED":0,"CA_REPORT":"MMM-2016","STREET_CRO":"4 Street","CITY_OWNED":"Yes","STATUS":"Original","CROSS_ROW":"Yes","UNITID":"1110029937","GLOBALID":"24d649bc-5ece-480b-9941-d26234dbcedf","OWNER":"COC-RD-RM","STATUS_CD":"Active","ACQUISITION_METHOD":null,"ACQUISITION_DATE":null,"HYPERLINK":null,"MODIFY_REASON":null,"MODIFIED_DT":1615826069000,"MODIFIED_ACTION":"MODIFIED ATTRIBUTE","UNITTYPE":"BMPF","CREATED_DT":1469630805000,"PROGRAM_PROJECT":null,"DEVELOPMENT_AGREEMENT":null,"TI_HANDOFF_DATE":null,"CCC_DT":null,"FAC_DT":null,"WORK_ORDER_NUMBERS":null,"GROUP_PROJECT_NUMBERS":null,"HIST_CREATE_ID":null,"HIST_REVISION_ID":"2f7cf01d-3f9d-4e97-86e1-3d3c83ddbe31","HIST_EFF_DT":null,"HIST_EXP_DT":null,"COMPTYPE":66,"COMPKEY":870069,"ADDRKEY":"1","EXPBY":null,"EXPDATE":null,"GLOBALID_GUID":"24d649bc-5ece-480b-9941-d26234dbcedf","SHAPE__Area":712.0078125,"SHAPE__Length":200.55926017140536}},{"type":"Feature","id":702,"geometry":{"type":"Polygon","coordinates":[[[-114.068265567024,51.0451896034197],[-114.068262178873,51.0452392314285],[-114.068132668972,51.0452339769808],[-114.068132302947,51.0452391633719],[-114.06744128218,51.0452204052158],[-114.067443732143,51.0451712731066],[-114.067463947509,51.0451717774508],[-114.0674661427,51.0451416587758],[-114.067639870339,51.045146734657],[-114.067639469966,51.0451636257004],[-114.067760367072,51.0451675812776],[-114.067759943001,51.0451769955732],[-114.068135945179,51.0451876599602],[-114.068136234152,51.0451853602177],[-114.068265567024,51.0451896034197]]]},"properties":{"OBJECTID":702,"BRIDGE_NO":"1583","BRIDGE_NAME":"1583","POSTED_CLEARANCE":"5.0","LOCATION":"Bankers Hall - Bankers Court","EOR":"RJC","SCHEDULE":"A","CONST_DEC":"post-2000","PED_201212":0,"PED_EST":0,"CONN_TYPE":"Bridge","CROSS_LOC":"2 Street/8-9 Avenues SW","IMPACTED":0,"CA_REPORT":"MMM-2016","STREET_CRO":"2 Street","CITY_OWNED":"Yes","STATUS":"Original","CROSS_ROW":"Yes","UNITID":"1110029898","GLOBALID":"a5bd087e-3de0-4d1d-9b62-2fd811d502a2","OWNER":"COC-RD-RM","STATUS_CD":"Active","ACQUISITION_METHOD":null,"ACQUISITION_DATE":null,"HYPERLINK":null,"MODIFY_REASON":null,"MODIFIED_DT":1615826069000,"MODIFIED_ACTION":"MODIFIED ATTRIBUTE","UNITTYPE":"BMPF","CREATED_DT":1469630805000,"PROGRAM_PROJECT":null,"DEVELOPMENT_AGREEMENT":null,"TI_HANDOFF_DATE":null,"CCC_DT":null,"FAC_DT":null,"WORK_ORDER_NUMBERS":null,"GROUP_PROJECT_NUMBERS":null,"HIST_CREATE_ID":null,"HIST_REVISION_ID":"3b971a6e-825f-46fc-9576-69378b52651b","HIST_EFF_DT":null,"HIST_EXP_DT":null,"COMPTYPE":66,"COMPKEY":870099,"ADDRKEY":"1","EXPBY":null,"EXPDATE":null,"GLOBALID_GUID":"a5bd087e-3de0-4d1d-9b62-2fd811d502a2","SHAPE__Area":949.1796875,"SHAPE__Length":211.67089103635115}},{"type":"Feature","id":703,"geometry":{"type":"Polygon","coordinates":[[[-114.066773099175,51.0505114167063],[-114.066707757186,51.0505092856938],[-114.066721415798,51.0502905587595],[-114.066787881461,51.0502917739682],[-114.066773099175,51.0505114167063]]]},"properties":{"OBJECTID":703,"BRIDGE_NO":"1585","BRIDGE_NAME":"1585","POSTED_CLEARANCE":"5.5","LOCATION":"BP Centre - Livingston Place","EOR":"RJC","SCHEDULE":"A","CONST_DEC":"post-2000","PED_201212":5184,"PED_EST":5702,"CONN_TYPE":"Bridge","CROSS_LOC":"3 Avenue/1-2 Streets SW","IMPACTED":0,"CA_REPORT":"MMM-2016","STREET_CRO":"3 Avenue","CITY_OWNED":"Yes","STATUS":"Original","CROSS_ROW":"Yes","UNITID":"1110029988","GLOBALID":"ef384e33-dd61-4c9e-a8ae-413735cefa4b","OWNER":"COC-RD-RM","STATUS_CD":"Active","ACQUISITION_METHOD":null,"ACQUISITION_DATE":null,"HYPERLINK":null,"MODIFY_REASON":null,"MODIFIED_DT":1615826067000,"MODIFIED_ACTION":"MODIFIED ATTRIBUTE","UNITTYPE":"BMPF","CREATED_DT":1469630805000,"PROGRAM_PROJECT":null,"DEVELOPMENT_AGREEMENT":null,"TI_HANDOFF_DATE":null,"CCC_DT":null,"FAC_DT":null,"WORK_ORDER_NUMBERS":null,"GROUP_PROJECT_NUMBERS":null,"HIST_CREATE_ID":null,"HIST_REVISION_ID":"4c1b63e5-8fa5-4e64-9b40-3143eb0ea538","HIST_EFF_DT":null,"HIST_EXP_DT":null,"COMPTYPE":66,"COMPKEY":870096,"ADDRKEY":"1","EXPBY":null,"EXPDATE":null,"GLOBALID_GUID":"ef384e33-dd61-4c9e-a8ae-413735cefa4b","SHAPE__Area":285.2109375,"SHAPE__Length":92.377172995731911}},{"type":"Feature","id":704,"geometry":{"type":"Polygon","coordinates":[[[-114.067896772864,51.0499545300641],[-114.06740835253,51.049941645505],[-114.067412159014,51.0498885185185],[-114.067900083145,51.0499028435041],[-114.067896772864,51.0499545300641]]]},"properties":{"OBJECTID":704,"BRIDGE_NO":"1582","BRIDGE_NAME":"1582","POSTED_CLEARANCE":"5.4","LOCATION":"Jamieson Place - BP Centre","EOR":"RJC","SCHEDULE":"A","CONST_DEC":"post-2000","PED_201212":3761,"PED_EST":4137,"CONN_TYPE":"Bridge","CROSS_LOC":"2 Street/3-4 Avenues SW","IMPACTED":0,"CA_REPORT":"MMM-2016","STREET_CRO":"2 Street","CITY_OWNED":"Yes","STATUS":"Rebuilt","CROSS_ROW":"Yes","UNITID":"1110029920","GLOBALID":"33f6d5d3-1941-46c3-8817-144f4a74467c","OWNER":"COC-RD-RM","STATUS_CD":"Active","ACQUISITION_METHOD":null,"ACQUISITION_DATE":null,"HYPERLINK":null,"MODIFY_REASON":null,"MODIFIED_DT":1615826067000,"MODIFIED_ACTION":"MODIFIED ATTRIBUTE","UNITTYPE":"BMPF","CREATED_DT":1469630805000,"PROGRAM_PROJECT":null,"DEVELOPMENT_AGREEMENT":null,"TI_HANDOFF_DATE":null,"CCC_DT":null,"FAC_DT":null,"WORK_ORDER_NUMBERS":null,"GROUP_PROJECT_NUMBERS":null,"HIST_CREATE_ID":null,"HIST_REVISION_ID":"0010dd2b-f4ce-47e4-b9e3-9b4f58980cc1","HIST_EFF_DT":null,"HIST_EXP_DT":null,"COMPTYPE":66,"COMPKEY":870091,"ADDRKEY":"1","EXPBY":null,"EXPDATE":null,"GLOBALID_GUID":"33f6d5d3-1941-46c3-8817-144f4a74467c","SHAPE__Area":505.265625,"SHAPE__Length":127.37045396647147}},{"type":"Feature","id":705,"geometry":{"type":"Polygon","coordinates":[[[-114.073761040477,51.0454077868873],[-114.073760670941,51.0454076729509],[-114.073764437481,51.0453530579386],[-114.074144991245,51.0453643446861],[-114.074216631039,51.0453664693405],[-114.074212849658,51.045421282151],[-114.073761040477,51.0454077868873]]]},"properties":{"OBJECTID":705,"BRIDGE_NO":"1569","BRIDGE_NAME":"1569","POSTED_CLEARANCE":"4.8","LOCATION":"Centennial Parkade - Eighth Avenue Place","EOR":" ","SCHEDULE":"A","CONST_DEC":"1990","PED_201212":5800,"PED_EST":6380,"CONN_TYPE":"Bridge","CROSS_LOC":"5 Street/8-9 Avenues SW","IMPACTED":0,"CA_REPORT":"MMM-2016","STREET_CRO":"5 Street","CITY_OWNED":"Yes","STATUS":"Original","CROSS_ROW":"Yes","UNITID":"1110029961","GLOBALID":"35e8200b-0c67-4e1b-abff-347bd02b6e3d","OWNER":"COC-RD-RM","STATUS_CD":"Active","ACQUISITION_METHOD":null,"ACQUISITION_DATE":null,"HYPERLINK":null,"MODIFY_REASON":null,"MODIFIED_DT":1615826069000,"MODIFIED_ACTION":"MODIFIED ATTRIBUTE","UNITTYPE":"BMPF","CREATED_DT":1469630805000,"PROGRAM_PROJECT":null,"DEVELOPMENT_AGREEMENT":null,"TI_HANDOFF_DATE":null,"CCC_DT":null,"FAC_DT":null,"WORK_ORDER_NUMBERS":null,"GROUP_PROJECT_NUMBERS":null,"HIST_CREATE_ID":null,"HIST_REVISION_ID":"20b2bab7-546e-4ca2-bf76-aa8990073698","HIST_EFF_DT":null,"HIST_EXP_DT":null,"COMPTYPE":66,"COMPKEY":870016,"ADDRKEY":"1","EXPBY":null,"EXPDATE":null,"GLOBALID_GUID":"35e8200b-0c67-4e1b-abff-347bd02b6e3d","SHAPE__Area":489.1171875,"SHAPE__Length":120.18533566168384}},{"type":"Feature","id":706,"geometry":{"type":"Polygon","coordinates":[[[-114.070316983524,51.0500003275811],[-114.070353794654,51.0500014462266],[-114.070353803258,51.0500014767865],[-114.070349971488,51.0500479362033],[-114.0699571008,51.0500368701154],[-114.069958227168,51.0500177033436],[-114.069896054992,51.0500156998702],[-114.069890867046,51.0500142439398],[-114.069892541893,51.0499851728584],[-114.069904942556,51.0499887253746],[-114.070316983524,51.0500003275811]]]},"properties":{"OBJECTID":706,"BRIDGE_NO":"1527","BRIDGE_NAME":"1527","POSTED_CLEARANCE":"5.6","LOCATION":"Shell Centre - Westin Hotel","EOR":" ","SCHEDULE":"A","CONST_DEC":"1970","PED_201212":7313,"PED_EST":8044,"CONN_TYPE":"Bridge","CROSS_LOC":"3 Street/3-4 Avenues SW","IMPACTED":0,"CA_REPORT":"MMM-2016","STREET_CRO":"3 Street","CITY_OWNED":"Yes","STATUS":"Original","CROSS_ROW":"Yes","UNITID":"1110029976","GLOBALID":"c0f752dc-347a-4532-9462-b073984fd775","OWNER":"COC-RD-RM","STATUS_CD":"Active","ACQUISITION_METHOD":null,"ACQUISITION_DATE":null,"HYPERLINK":null,"MODIFY_REASON":null,"MODIFIED_DT":1615826069000,"MODIFIED_ACTION":"MODIFIED ATTRIBUTE","UNITTYPE":"BMPF","CREATED_DT":1469630805000,"PROGRAM_PROJECT":null,"DEVELOPMENT_AGREEMENT":null,"TI_HANDOFF_DATE":null,"CCC_DT":null,"FAC_DT":null,"WORK_ORDER_NUMBERS":null,"GROUP_PROJECT_NUMBERS":null,"HIST_CREATE_ID":null,"HIST_REVISION_ID":"f85cb5e5-9646-4851-8393-5a3ea064cd47","HIST_EFF_DT":null,"HIST_EXP_DT":null,"COMPTYPE":66,"COMPKEY":870080,"ADDRKEY":"1","EXPBY":null,"EXPDATE":null,"GLOBALID_GUID":"c0f752dc-347a-4532-9462-b073984fd775","SHAPE__Area":398.6640625,"SHAPE__Length":119.66621708053188}},{"type":"Feature","id":707,"geometry":{"type":"Polygon","coordinates":[[[-114.068943794434,51.0448789030647],[-114.068944351832,51.0448605187282],[-114.068941385416,51.044860385632],[-114.068954662297,51.0446760873344],[-114.068957685611,51.0446761304994],[-114.068963973313,51.0445879015287],[-114.069014909059,51.0445570456615],[-114.069075036325,51.0445995055201],[-114.069053235939,51.0446118253493],[-114.069047570912,51.0446765736676],[-114.069053616395,51.0446768487778],[-114.069040585832,51.0448721323971],[-114.06903482431,51.0448719910655],[-114.069034254414,51.0448819430385],[-114.068943794434,51.0448789030647]]]},"properties":{"OBJECTID":707,"BRIDGE_NO":"1506","BRIDGE_NAME":"1506","POSTED_CLEARANCE":"4.6","LOCATION":"Bankers Hall - Gulf Canada Square","EOR":" ","SCHEDULE":"A","CONST_DEC":"1980","PED_201212":13132,"PED_EST":14445,"CONN_TYPE":"Bridge","CROSS_LOC":"9 Avenue/2-3 Streets SW","IMPACTED":2,"CA_REPORT":"MMM-2016","STREET_CRO":"9 Avenue","CITY_OWNED":"Yes","STATUS":"Original","CROSS_ROW":"Yes","UNITID":"1110029977","GLOBALID":"57e1a00c-38b7-4b1f-a346-460c6c8a869f","OWNER":"COC-RD-RM","STATUS_CD":"Active","ACQUISITION_METHOD":null,"ACQUISITION_DATE":null,"HYPERLINK":null,"MODIFY_REASON":null,"MODIFIED_DT":1615826068000,"MODIFIED_ACTION":"MODIFIED ATTRIBUTE","UNITTYPE":"BMPF","CREATED_DT":1469630805000,"PROGRAM_PROJECT":null,"DEVELOPMENT_AGREEMENT":null,"TI_HANDOFF_DATE":null,"CCC_DT":null,"FAC_DT":null,"WORK_ORDER_NUMBERS":null,"GROUP_PROJECT_NUMBERS":null,"HIST_CREATE_ID":null,"HIST_REVISION_ID":"d580c0c8-17d3-48e2-b6cc-ff0a54f567fc","HIST_EFF_DT":null,"HIST_EXP_DT":null,"COMPTYPE":66,"COMPKEY":870092,"ADDRKEY":"1","EXPBY":null,"EXPDATE":null,"GLOBALID_GUID":"57e1a00c-38b7-4b1f-a346-460c6c8a869f","SHAPE__Area":590.15625,"SHAPE__Length":132.68165886499247}},{"type":"Feature","id":708,"geometry":{"type":"Polygon","coordinates":[[[-114.072866587833,51.045939508146],[-114.07287788725,51.0457389221683],[-114.072950532295,51.0457415315186],[-114.072938962577,51.0459414290584],[-114.072866587833,51.045939508146]]]},"properties":{"OBJECTID":708,"BRIDGE_NO":"1566","BRIDGE_NAME":"1566","POSTED_CLEARANCE":"4.8","LOCATION":"Watermark Tower - Eighth Avenue Place","EOR":" ","SCHEDULE":"A","CONST_DEC":"1980","PED_201212":5801,"PED_EST":6381,"CONN_TYPE":"Bridge","CROSS_LOC":"8 Avenue/4-5 Streets SW","IMPACTED":0,"CA_REPORT":"MMM-2016","STREET_CRO":"8 Avenue","CITY_OWNED":"Yes","STATUS":"Original","CROSS_ROW":"Yes","UNITID":"1110029929","GLOBALID":"8d820d68-61e4-41ee-88a3-9f09e51c8f2d","OWNER":"COC-RD-RM","STATUS_CD":"Active","ACQUISITION_METHOD":null,"ACQUISITION_DATE":null,"HYPERLINK":null,"MODIFY_REASON":null,"MODIFIED_DT":1615826069000,"MODIFIED_ACTION":"MODIFIED ATTRIBUTE","UNITTYPE":"BMPF","CREATED_DT":1469630805000,"PROGRAM_PROJECT":null,"DEVELOPMENT_AGREEMENT":null,"TI_HANDOFF_DATE":null,"CCC_DT":null,"FAC_DT":null,"WORK_ORDER_NUMBERS":null,"GROUP_PROJECT_NUMBERS":null,"HIST_CREATE_ID":null,"HIST_REVISION_ID":"1e8849c8-1fb9-4846-9b10-357056b0ebfa","HIST_EFF_DT":null,"HIST_EXP_DT":null,"COMPTYPE":66,"COMPKEY":870089,"ADDRKEY":"1","EXPBY":null,"EXPDATE":null,"GLOBALID_GUID":"8d820d68-61e4-41ee-88a3-9f09e51c8f2d","SHAPE__Area":286.703125,"SHAPE__Length":87.120564426724485}},{"type":"Feature","id":709,"geometry":{"type":"Polygon","coordinates":[[[-114.070352785354,51.0490452616437],[-114.070411405998,51.0490469667568],[-114.070408590388,51.0490853366135],[-114.070347737973,51.0490838135359],[-114.070343463892,51.0491461086323],[-114.070027508194,51.0491366829398],[-114.070030897735,51.049089041642],[-114.070288908388,51.0490967410973],[-114.070292823856,51.0490434017854],[-114.070352785354,51.0490452616437]]]},"properties":{"OBJECTID":709,"BRIDGE_NO":"1565","BRIDGE_NAME":"1565","POSTED_CLEARANCE":"4.6","LOCATION":"Roslyn Building - Calgary Place","EOR":" ","SCHEDULE":"A","CONST_DEC":"1990","PED_201212":15835,"PED_EST":17418,"CONN_TYPE":"Bridge","CROSS_LOC":"3 Street/4-5 Avenues SW","IMPACTED":0,"CA_REPORT":"MMM-2016","STREET_CRO":"3 Street","CITY_OWNED":"Yes","STATUS":"Original","CROSS_ROW":"Yes","UNITID":"1110029949","GLOBALID":"eab3abb2-6b66-4fb8-9e0f-7156db84ef66","OWNER":"COC-RD-RM","STATUS_CD":"Active","ACQUISITION_METHOD":null,"ACQUISITION_DATE":null,"HYPERLINK":null,"MODIFY_REASON":null,"MODIFIED_DT":1615826068000,"MODIFIED_ACTION":"MODIFIED ATTRIBUTE","UNITTYPE":"BMPF","CREATED_DT":1469630805000,"PROGRAM_PROJECT":null,"DEVELOPMENT_AGREEMENT":null,"TI_HANDOFF_DATE":null,"CCC_DT":null,"FAC_DT":null,"WORK_ORDER_NUMBERS":null,"GROUP_PROJECT_NUMBERS":null,"HIST_CREATE_ID":null,"HIST_REVISION_ID":"fd5e61b7-7a73-4161-af27-1732e632b55b","HIST_EFF_DT":null,"HIST_EXP_DT":null,"COMPTYPE":66,"COMPKEY":870027,"ADDRKEY":"1","EXPBY":null,"EXPDATE":null,"GLOBALID_GUID":"eab3abb2-6b66-4fb8-9e0f-7156db84ef66","SHAPE__Area":404.375,"SHAPE__Length":119.70312175795787}},{"type":"Feature","id":710,"geometry":{"type":"Polygon","coordinates":[[[-114.06492451393,51.0487327591122],[-114.06493067338,51.0486928008416],[-114.065481638998,51.0487083702357],[-114.065478803534,51.0487476713221],[-114.06492451393,51.0487327591122]]]},"properties":{"OBJECTID":710,"BRIDGE_NO":"1575","BRIDGE_NAME":"1575","POSTED_CLEARANCE":"4.5","LOCATION":"Fifth Avenue Place - TransCanada Tower","EOR":" ","SCHEDULE":"A","CONST_DEC":"1990","PED_201212":13392,"PED_EST":14731,"CONN_TYPE":"Bridge","CROSS_LOC":"1 Street/4-5 Avenues SW","IMPACTED":1,"CA_REPORT":"MMM-2016","STREET_CRO":"1 Street","CITY_OWNED":"Yes","STATUS":"Original","CROSS_ROW":"Yes","UNITID":"1110029962","GLOBALID":"20485150-0c00-41fa-be02-ae4607ff0655","OWNER":"COC-RD-RM","STATUS_CD":"Active","ACQUISITION_METHOD":null,"ACQUISITION_DATE":null,"HYPERLINK":null,"MODIFY_REASON":null,"MODIFIED_DT":1615826070000,"MODIFIED_ACTION":"MODIFIED ATTRIBUTE","UNITTYPE":"BMPF","CREATED_DT":1469630805000,"PROGRAM_PROJECT":null,"DEVELOPMENT_AGREEMENT":null,"TI_HANDOFF_DATE":null,"CCC_DT":null,"FAC_DT":null,"WORK_ORDER_NUMBERS":null,"GROUP_PROJECT_NUMBERS":null,"HIST_CREATE_ID":null,"HIST_REVISION_ID":"9106d8f9-21a6-469f-8982-7a2e796edcf2","HIST_EFF_DT":null,"HIST_EXP_DT":null,"COMPTYPE":66,"COMPKEY":870067,"ADDRKEY":"1","EXPBY":null,"EXPDATE":null,"GLOBALID_GUID":"20485150-0c00-41fa-be02-ae4607ff0655","SHAPE__Area":433.046875,"SHAPE__Length":137.22995978563404}},{"type":"Feature","id":711,"geometry":{"type":"Polygon","coordinates":[[[-114.07932330543,51.047072261225],[-114.079330989332,51.0469536373962],[-114.079338673195,51.0468350135646],[-114.079433843011,51.0468375388675],[-114.079433900346,51.0468377087344],[-114.079433971946,51.0468378803897],[-114.079418008147,51.0470748965324],[-114.07932330543,51.047072261225]]]},"properties":{"OBJECTID":711,"BRIDGE_NO":"1508","BRIDGE_NAME":"1508","POSTED_CLEARANCE":"4.7","LOCATION":"840  7th Av - 801 7th Av (Nexen)","EOR":" ","SCHEDULE":"A","CONST_DEC":"1980","PED_201212":3235,"PED_EST":3559,"CONN_TYPE":"Bridge","CROSS_LOC":"7 Avenue/7-8 Streets SW","IMPACTED":0,"CA_REPORT":"MMM-2016","STREET_CRO":"7 Avenue","CITY_OWNED":"Yes","STATUS":"Original","CROSS_ROW":"Yes","UNITID":"1110029992","GLOBALID":"cec0229a-6fc5-4154-a3de-f9ae3b031c9d","OWNER":"COC-RD-RM","STATUS_CD":"Active","ACQUISITION_METHOD":null,"ACQUISITION_DATE":null,"HYPERLINK":null,"MODIFY_REASON":null,"MODIFIED_DT":1615826069000,"MODIFIED_ACTION":"MODIFIED ATTRIBUTE","UNITTYPE":"BMPF","CREATED_DT":1469630805000,"PROGRAM_PROJECT":null,"DEVELOPMENT_AGREEMENT":null,"TI_HANDOFF_DATE":null,"CCC_DT":null,"FAC_DT":null,"WORK_ORDER_NUMBERS":null,"GROUP_PROJECT_NUMBERS":null,"HIST_CREATE_ID":null,"HIST_REVISION_ID":"066360fa-4706-41d6-b728-8393b34030b3","HIST_EFF_DT":null,"HIST_EXP_DT":null,"COMPTYPE":66,"COMPKEY":870029,"ADDRKEY":"1","EXPBY":null,"EXPDATE":null,"GLOBALID_GUID":"cec0229a-6fc5-4154-a3de-f9ae3b031c9d","SHAPE__Area":445.2109375,"SHAPE__Length":105.26765410981677}},{"type":"Feature","id":712,"geometry":{"type":"Polygon","coordinates":[[[-114.071317680148,51.0500729390205],[-114.071320258123,51.050034445235],[-114.071744877925,51.0500517054519],[-114.07174224914,51.0500912411872],[-114.071317680148,51.0500729390205]]]},"properties":{"OBJECTID":712,"BRIDGE_NO":"1A","BRIDGE_NAME":"1513 R","POSTED_CLEARANCE":"5.3","LOCATION":"Altius Centre - Shell Centre","EOR":" ","SCHEDULE":"na","CONST_DEC":"post-2000","PED_201212":1618,"PED_EST":1780,"CONN_TYPE":"Bridge","CROSS_LOC":"4 Street/3-4 Avenues SW","IMPACTED":0,"CA_REPORT":" ","STREET_CRO":"4 Street","CITY_OWNED":"na","STATUS":"Demised","CROSS_ROW":"Yes","UNITID":"1110029998","GLOBALID":"7797c20b-765f-4491-acf2-1acb0f96a552","OWNER":null,"STATUS_CD":"Retired","ACQUISITION_METHOD":null,"ACQUISITION_DATE":null,"HYPERLINK":null,"MODIFY_REASON":null,"MODIFIED_DT":1615826068000,"MODIFIED_ACTION":"MODIFIED ATTRIBUTE","UNITTYPE":"BMPF","CREATED_DT":1469630805000,"PROGRAM_PROJECT":null,"DEVELOPMENT_AGREEMENT":null,"TI_HANDOFF_DATE":null,"CCC_DT":null,"FAC_DT":null,"WORK_ORDER_NUMBERS":null,"GROUP_PROJECT_NUMBERS":null,"HIST_CREATE_ID":null,"HIST_REVISION_ID":"c2661d42-bfc5-435d-ba29-9f7fbc858dce","HIST_EFF_DT":null,"HIST_EXP_DT":null,"COMPTYPE":66,"COMPKEY":886543,"ADDRKEY":"1","EXPBY":null,"EXPDATE":null,"GLOBALID_GUID":"7797c20b-765f-4491-acf2-1acb0f96a552","SHAPE__Area":327.4609375,"SHAPE__Length":108.57055175455095}},{"type":"Feature","id":713,"geometry":{"type":"Polygon","coordinates":[[[-114.069301640074,51.0497156818576],[-114.06932450539,51.0493938621218],[-114.069330675416,51.0493940346608],[-114.06932827518,51.0494160537259],[-114.069387488126,51.0494177563042],[-114.069366191908,51.0497175044404],[-114.069301640074,51.0497156818576]]]},"properties":{"OBJECTID":713,"BRIDGE_NO":"1522","BRIDGE_NAME":"1522","POSTED_CLEARANCE":"4.4","LOCATION":"Westin Hotel - Calgary Place","EOR":"RJC","SCHEDULE":"A","CONST_DEC":"1970","PED_201212":8972,"PED_EST":9869,"CONN_TYPE":"Bridge","CROSS_LOC":"4 Avenue/2-3 Streets SW","IMPACTED":1,"CA_REPORT":"MMM-2016","STREET_CRO":"4 Avenue","CITY_OWNED":"Yes","STATUS":"Original","CROSS_ROW":"Yes","UNITID":"1110029945","GLOBALID":"d2388683-4413-434e-a430-520206732977","OWNER":"COC-RD-RM","STATUS_CD":"Active","ACQUISITION_METHOD":null,"ACQUISITION_DATE":null,"HYPERLINK":null,"MODIFY_REASON":null,"MODIFIED_DT":1615826067000,"MODIFIED_ACTION":"MODIFIED ATTRIBUTE","UNITTYPE":"BMPF","CREATED_DT":1469630805000,"PROGRAM_PROJECT":null,"DEVELOPMENT_AGREEMENT":null,"TI_HANDOFF_DATE":null,"CCC_DT":null,"FAC_DT":null,"WORK_ORDER_NUMBERS":null,"GROUP_PROJECT_NUMBERS":null,"HIST_CREATE_ID":null,"HIST_REVISION_ID":"82467210-82c2-45ad-acd8-2f44328cccb9","HIST_EFF_DT":null,"HIST_EXP_DT":null,"COMPTYPE":66,"COMPKEY":870083,"ADDRKEY":"1","EXPBY":null,"EXPDATE":null,"GLOBALID_GUID":"d2388683-4413-434e-a430-520206732977","SHAPE__Area":384.7109375,"SHAPE__Length":128.56280979775107}},{"type":"Feature","id":714,"geometry":{"type":"Polygon","coordinates":[[[-114.066321689486,51.0492399240065],[-114.06638838696,51.0492417371277],[-114.066392510269,51.0492418498542],[-114.066392767515,51.0493120513921],[-114.06636851718,51.0492966657604],[-114.066354899615,51.0492965413428],[-114.066342399663,51.0493938838168],[-114.066348599973,51.0493942983197],[-114.066339662572,51.0494566408611],[-114.066334239568,51.0494562483908],[-114.06632087461,51.0495491504253],[-114.066327751701,51.0496079968746],[-114.066327619941,51.0496156013597],[-114.066318682945,51.0496153592133],[-114.066319283415,51.0496293648678],[-114.066215145835,51.0496265328114],[-114.066219088774,51.0495461381424],[-114.06622452998,51.0495462860871],[-114.066237671983,51.0494509228025],[-114.066231471669,51.0494505100916],[-114.066240763626,51.0493886671865],[-114.066246591328,51.0493888247998],[-114.066258534462,51.0492939215648],[-114.0662391395,51.0492929032338],[-114.066243299564,51.0492377929452],[-114.066321689486,51.0492399240065]]]},"properties":{"OBJECTID":714,"BRIDGE_NO":"1586","BRIDGE_NAME":"1586","POSTED_CLEARANCE":"4.6","LOCATION":"Fifth Avenue Place - International Hotel","EOR":"RJC","SCHEDULE":"A","CONST_DEC":"post-2000","PED_201212":8939,"PED_EST":9833,"CONN_TYPE":"Bridge","CROSS_LOC":"4 Avenue/1-2 Streets SW","IMPACTED":2,"CA_REPORT":"MMM-2016","STREET_CRO":"4 Avenue","CITY_OWNED":"Yes","STATUS":"Original","CROSS_ROW":"Yes","UNITID":"1110029981","GLOBALID":"2d1c9727-185d-4717-b901-6406a1254a33","OWNER":"COC-RD-RM","STATUS_CD":"Active","ACQUISITION_METHOD":null,"ACQUISITION_DATE":null,"HYPERLINK":null,"MODIFY_REASON":null,"MODIFIED_DT":1615826069000,"MODIFIED_ACTION":"MODIFIED ATTRIBUTE","UNITTYPE":"BMPF","CREATED_DT":1469630805000,"PROGRAM_PROJECT":null,"DEVELOPMENT_AGREEMENT":null,"TI_HANDOFF_DATE":null,"CCC_DT":null,"FAC_DT":null,"WORK_ORDER_NUMBERS":null,"GROUP_PROJECT_NUMBERS":null,"HIST_CREATE_ID":null,"HIST_REVISION_ID":"babeab87-88c8-4d62-b36a-abe80649ab05","HIST_EFF_DT":null,"HIST_EXP_DT":null,"COMPTYPE":66,"COMPKEY":870037,"ADDRKEY":"1","EXPBY":null,"EXPDATE":null,"GLOBALID_GUID":"2d1c9727-185d-4717-b901-6406a1254a33","SHAPE__Area":834.9609375,"SHAPE__Length":180.41666433239843}},{"type":"Feature","id":715,"geometry":{"type":"Polygon","coordinates":[[[-114.058915414392,51.0495187895203],[-114.058858663297,51.0495170525291],[-114.058858218116,51.0495033883678],[-114.05890586262,51.0494757137634],[-114.058937244599,51.0494574847563],[-114.058965218093,51.0490911868929],[-114.058966914169,51.0490689805103],[-114.058967217182,51.0490650068977],[-114.05903469431,51.0490668714673],[-114.05903442811,51.0490706293081],[-114.059171680424,51.0490746933833],[-114.059169689373,51.0491026146882],[-114.059100200436,51.0491001111451],[-114.059030724357,51.0490976192408],[-114.059002338442,51.0494756669014],[-114.058998909382,51.0495213364468],[-114.058915414392,51.0495187895203]]]},"properties":{"OBJECTID":715,"BRIDGE_NO":"1516","BRIDGE_NAME":"1516","POSTED_CLEARANCE":"5.3","LOCATION":"Harry Hays Building - Delta Bow Valley Inn","EOR":" ","SCHEDULE":"A/B","CONST_DEC":"1970","PED_201212":0,"PED_EST":0,"CONN_TYPE":"Bridge","CROSS_LOC":"4 Avenue/1-2 Streets SE","IMPACTED":0,"CA_REPORT":"MMM-2016","STREET_CRO":"4 Avenue","CITY_OWNED":"Yes","STATUS":"Original","CROSS_ROW":"Yes","UNITID":"1110029917","GLOBALID":"f1ad14cd-7f89-43ce-b431-67cf25ad6020","OWNER":"COC-RD-RM","STATUS_CD":"Active","ACQUISITION_METHOD":null,"ACQUISITION_DATE":null,"HYPERLINK":null,"MODIFY_REASON":null,"MODIFIED_DT":1615826068000,"MODIFIED_ACTION":"MODIFIED ATTRIBUTE","UNITTYPE":"BMPF","CREATED_DT":1469630805000,"PROGRAM_PROJECT":null,"DEVELOPMENT_AGREEMENT":null,"TI_HANDOFF_DATE":null,"CCC_DT":null,"FAC_DT":null,"WORK_ORDER_NUMBERS":null,"GROUP_PROJECT_NUMBERS":null,"HIST_CREATE_ID":null,"HIST_REVISION_ID":"9ec63ff4-2b17-45d1-a791-0b825fa94985","HIST_EFF_DT":null,"HIST_EXP_DT":null,"COMPTYPE":66,"COMPKEY":870052,"ADDRKEY":"1","EXPBY":null,"EXPDATE":null,"GLOBALID_GUID":"f1ad14cd-7f89-43ce-b431-67cf25ad6020","SHAPE__Area":724.9140625,"SHAPE__Length":218.64547573604978}},{"type":"Feature","id":716,"geometry":{"type":"Polygon","coordinates":[[[-114.063348506466,51.0494661114282],[-114.063353081659,51.0493677784096],[-114.063332082504,51.0493533513879],[-114.063353117133,51.0493415095071],[-114.063362941332,51.0492446659357],[-114.063440772397,51.0492470428537],[-114.063434613101,51.0493434439461],[-114.063455112743,51.0493576015287],[-114.063432939134,51.0493708824023],[-114.063424731743,51.0494683076346],[-114.063348506466,51.0494661114282]]]},"properties":{"OBJECTID":716,"BRIDGE_NO":"1563","BRIDGE_NAME":"1563","POSTED_CLEARANCE":"5.1","LOCATION":"Sun Life Plaza - James Short Park","EOR":"RJC","SCHEDULE":"A","CONST_DEC":"1990","PED_201212":0,"PED_EST":0,"CONN_TYPE":"Bridge","CROSS_LOC":"4 Avenue/Centre-1 Streets SW","IMPACTED":0,"CA_REPORT":"MMM-2016","STREET_CRO":"4 Avenue","CITY_OWNED":"Yes","STATUS":"Original","CROSS_ROW":"Yes","UNITID":"1110029909","GLOBALID":"ebd73b33-f9a9-45e8-b619-0856299a17b8","OWNER":"COC-RD-RM","STATUS_CD":"Active","ACQUISITION_METHOD":null,"ACQUISITION_DATE":null,"HYPERLINK":null,"MODIFY_REASON":null,"MODIFIED_DT":1615826070000,"MODIFIED_ACTION":"MODIFIED ATTRIBUTE","UNITTYPE":"BMPF","CREATED_DT":1469630805000,"PROGRAM_PROJECT":null,"DEVELOPMENT_AGREEMENT":null,"TI_HANDOFF_DATE":null,"CCC_DT":null,"FAC_DT":null,"WORK_ORDER_NUMBERS":null,"GROUP_PROJECT_NUMBERS":null,"HIST_CREATE_ID":null,"HIST_REVISION_ID":"4f3e46d2-79ec-4fe4-b3db-e2adab460d70","HIST_EFF_DT":null,"HIST_EXP_DT":null,"COMPTYPE":66,"COMPKEY":870101,"ADDRKEY":"1","EXPBY":null,"EXPDATE":null,"GLOBALID_GUID":"ebd73b33-f9a9-45e8-b619-0856299a17b8","SHAPE__Area":356.953125,"SHAPE__Length":99.537649138701909}},{"type":"Feature","id":717,"geometry":{"type":"Polygon","coordinates":[[[-114.075809224156,51.0492359400975],[-114.075820361381,51.0491896537519],[-114.07588587067,51.0491920564454],[-114.075884058756,51.0492152304446],[-114.076286492569,51.04922732936],[-114.076282974888,51.0492746751611],[-114.075807607968,51.0492610917086],[-114.075809224156,51.0492359400975]]]},"properties":{"OBJECTID":717,"BRIDGE_NO":"1576","BRIDGE_NAME":"1576","POSTED_CLEARANCE":"4.6","LOCATION":"McDougall Parkade - 640 Fifth","EOR":"RJC","SCHEDULE":"A","CONST_DEC":"post-2000","PED_201212":649,"PED_EST":714,"CONN_TYPE":"Bridge","CROSS_LOC":"6 Street/4-5 Avenues SW","IMPACTED":1,"CA_REPORT":"MMM-2016","STREET_CRO":"6 Street","CITY_OWNED":"Yes","STATUS":"Original","CROSS_ROW":"Yes","UNITID":"1110029938","GLOBALID":"906938cf-95c1-4991-8220-e764b03889bb","OWNER":"COC-RD-RM","STATUS_CD":"Active","ACQUISITION_METHOD":null,"ACQUISITION_DATE":null,"HYPERLINK":null,"MODIFY_REASON":null,"MODIFIED_DT":1615826068000,"MODIFIED_ACTION":"MODIFIED ATTRIBUTE","UNITTYPE":"BMPF","CREATED_DT":1469630805000,"PROGRAM_PROJECT":null,"DEVELOPMENT_AGREEMENT":null,"TI_HANDOFF_DATE":null,"CCC_DT":null,"FAC_DT":null,"WORK_ORDER_NUMBERS":null,"GROUP_PROJECT_NUMBERS":null,"HIST_CREATE_ID":null,"HIST_REVISION_ID":"fe491fbf-a17f-4cec-a4ec-144a0533164c","HIST_EFF_DT":null,"HIST_EXP_DT":null,"COMPTYPE":66,"COMPKEY":870095,"ADDRKEY":"1","EXPBY":null,"EXPDATE":null,"GLOBALID_GUID":"906938cf-95c1-4991-8220-e764b03889bb","SHAPE__Area":478.421875,"SHAPE__Length":130.37535816125705}},{"type":"Feature","id":718,"geometry":{"type":"Polygon","coordinates":[[[-114.075109168281,51.0489224806115],[-114.075112877196,51.0488753693522],[-114.075163723998,51.0488772964266],[-114.075160703027,51.0489132411031],[-114.07518765474,51.0489138422624],[-114.075169022753,51.0491586553439],[-114.075188384434,51.049172505052],[-114.075780297023,51.0491881811461],[-114.075799471922,51.0491748549251],[-114.075820361381,51.0491896537519],[-114.075809224156,51.0492359400975],[-114.075086473949,51.0492148564477],[-114.075109168281,51.0489224806115]]]},"properties":{"OBJECTID":718,"BRIDGE_NO":"P1501","BRIDGE_NAME":"P1501","POSTED_CLEARANCE":"4.6","LOCATION":"McDougal Parkade - 640 Fifth - Fifth & Fifth","EOR":" ","SCHEDULE":"Future","CONST_DEC":"unknown","PED_201212":0,"PED_EST":0,"CONN_TYPE":"Walkway","CROSS_LOC":"Lane connecting 5-6 Streets/4-5 Avenues SW","IMPACTED":0,"CA_REPORT":" ","STREET_CRO":"Lane connection","CITY_OWNED":"Yes","STATUS":"Original","CROSS_ROW":"Yes","UNITID":"1110029925","GLOBALID":"5380eddf-c2c1-4de3-94e3-59aaf074e44e","OWNER":"COC-RD-RM","STATUS_CD":"Active","ACQUISITION_METHOD":null,"ACQUISITION_DATE":null,"HYPERLINK":null,"MODIFY_REASON":null,"MODIFIED_DT":1615826068000,"MODIFIED_ACTION":"MODIFIED ATTRIBUTE","UNITTYPE":"BMPF","CREATED_DT":1469630805000,"PROGRAM_PROJECT":null,"DEVELOPMENT_AGREEMENT":null,"TI_HANDOFF_DATE":null,"CCC_DT":null,"FAC_DT":null,"WORK_ORDER_NUMBERS":null,"GROUP_PROJECT_NUMBERS":null,"HIST_CREATE_ID":null,"HIST_REVISION_ID":"0f5ca505-312d-403f-ae7a-9fb1f4ae7fb5","HIST_EFF_DT":null,"HIST_EXP_DT":null,"COMPTYPE":66,"COMPKEY":870070,"ADDRKEY":"1","EXPBY":null,"EXPDATE":null,"GLOBALID_GUID":"5380eddf-c2c1-4de3-94e3-59aaf074e44e","SHAPE__Area":1100.5,"SHAPE__Length":283.36565697051481}},{"type":"Feature","id":719,"geometry":{"type":"Polygon","coordinates":[[[-114.071330048275,51.0491071929064],[-114.071334252148,51.049051121405],[-114.071706222738,51.0490595823737],[-114.07170633617,51.0490656180078],[-114.071731117295,51.0490662446691],[-114.071727566763,51.0491165587618],[-114.071350135547,51.0491076544049],[-114.071330048275,51.0491071929064]]]},"properties":{"OBJECTID":719,"BRIDGE_NO":"1514","BRIDGE_NAME":"1514","POSTED_CLEARANCE":"4.5","LOCATION":"Chevron Place - Fourth & Fourth","EOR":" ","SCHEDULE":"A","CONST_DEC":"1970","PED_201212":12187,"PED_EST":13406,"CONN_TYPE":"Bridge","CROSS_LOC":"4 Street/4-5 Avenues SW","IMPACTED":0,"CA_REPORT":"MMM-2016","STREET_CRO":"4 Street","CITY_OWNED":"Yes","STATUS":"Original","CROSS_ROW":"Yes","UNITID":"1110029974","GLOBALID":"217b24fd-40fa-4274-9991-9eb32e39cce2","OWNER":"COC-RD-RM","STATUS_CD":"Active","ACQUISITION_METHOD":null,"ACQUISITION_DATE":null,"HYPERLINK":null,"MODIFY_REASON":null,"MODIFIED_DT":1615826069000,"MODIFIED_ACTION":"MODIFIED ATTRIBUTE","UNITTYPE":"BMPF","CREATED_DT":1469630805000,"PROGRAM_PROJECT":null,"DEVELOPMENT_AGREEMENT":null,"TI_HANDOFF_DATE":null,"CCC_DT":null,"FAC_DT":null,"WORK_ORDER_NUMBERS":null,"GROUP_PROJECT_NUMBERS":null,"HIST_CREATE_ID":null,"HIST_REVISION_ID":"e444e3db-c26b-4c61-9a4b-356e0ffa0bfe","HIST_EFF_DT":null,"HIST_EXP_DT":null,"COMPTYPE":66,"COMPKEY":870060,"ADDRKEY":"1","EXPBY":null,"EXPDATE":null,"GLOBALID_GUID":"217b24fd-40fa-4274-9991-9eb32e39cce2","SHAPE__Area":438.2265625,"SHAPE__Length":108.40509015697798}},{"type":"Feature","id":720,"geometry":{"type":"Polygon","coordinates":[[[-114.067352256882,51.0490422421125],[-114.067343010365,51.049036001377],[-114.067319916463,51.0490353458445],[-114.067252919851,51.0489902712583],[-114.067892189361,51.0490104558039],[-114.067951464737,51.0490123271814],[-114.067958303995,51.0490566326771],[-114.067908105043,51.049059755218],[-114.067352256882,51.0490422421125]]]},"properties":{"OBJECTID":720,"BRIDGE_NO":"1546","BRIDGE_NAME":"1546","POSTED_CLEARANCE":"4.6","LOCATION":"Canada Place - Fifth Avenue Place","EOR":" ","SCHEDULE":"A","CONST_DEC":"1980","PED_201212":13054,"PED_EST":14359,"CONN_TYPE":"Bridge","CROSS_LOC":"2 Street/4-5 Avenues SW","IMPACTED":0,"CA_REPORT":"MMM-2016","STREET_CRO":"2 Street","CITY_OWNED":"Yes","STATUS":"Original","CROSS_ROW":"Yes","UNITID":"1110029912","GLOBALID":"3927fe8e-7407-427c-adb2-ee4e4b2d51b1","OWNER":"COC-RD-RM","STATUS_CD":"Active","ACQUISITION_METHOD":null,"ACQUISITION_DATE":null,"HYPERLINK":null,"MODIFY_REASON":null,"MODIFIED_DT":1615826069000,"MODIFIED_ACTION":"MODIFIED ATTRIBUTE","UNITTYPE":"BMPF","CREATED_DT":1469630805000,"PROGRAM_PROJECT":null,"DEVELOPMENT_AGREEMENT":null,"TI_HANDOFF_DATE":null,"CCC_DT":null,"FAC_DT":null,"WORK_ORDER_NUMBERS":null,"GROUP_PROJECT_NUMBERS":null,"HIST_CREATE_ID":null,"HIST_REVISION_ID":"a46b6d92-0b1c-4970-be40-822db0b2d155","HIST_EFF_DT":null,"HIST_EXP_DT":null,"COMPTYPE":66,"COMPKEY":870081,"ADDRKEY":"1","EXPBY":null,"EXPDATE":null,"GLOBALID_GUID":"3927fe8e-7407-427c-adb2-ee4e4b2d51b1","SHAPE__Area":634.1171875,"SHAPE__Length":168.31912970918546}},{"type":"Feature","id":721,"geometry":{"type":"Polygon","coordinates":[[[-114.075038996277,51.0486291207051],[-114.075125642328,51.0486324910325],[-114.075112676856,51.0488520267509],[-114.075112877196,51.0488753693522],[-114.075109168281,51.0489224806115],[-114.075025239747,51.0489189467124],[-114.075026509287,51.04885199669],[-114.075038996277,51.0486291207051]]]},"properties":{"OBJECTID":721,"BRIDGE_NO":"1528","BRIDGE_NAME":"1528","POSTED_CLEARANCE":"4.6","LOCATION":"640 Fifth - Fifth & Fifth","EOR":"RJC","SCHEDULE":"A/B","CONST_DEC":"1970","PED_201212":0,"PED_EST":0,"CONN_TYPE":"Bridge","CROSS_LOC":"5 Avenue/5-6 Streets SW","IMPACTED":0,"CA_REPORT":"MMM-2016","STREET_CRO":"5 Avenue","CITY_OWNED":"Yes","STATUS":"Original","CROSS_ROW":"Yes","UNITID":"1110029970","GLOBALID":"3d164c6c-6f49-420f-b225-29eb436f7511","OWNER":"COC-RD-RM","STATUS_CD":"Active","ACQUISITION_METHOD":null,"ACQUISITION_DATE":null,"HYPERLINK":null,"MODIFY_REASON":null,"MODIFIED_DT":1615826070000,"MODIFIED_ACTION":"MODIFIED ATTRIBUTE","UNITTYPE":"BMPF","CREATED_DT":1469630805000,"PROGRAM_PROJECT":null,"DEVELOPMENT_AGREEMENT":null,"TI_HANDOFF_DATE":null,"CCC_DT":null,"FAC_DT":null,"WORK_ORDER_NUMBERS":null,"GROUP_PROJECT_NUMBERS":null,"HIST_CREATE_ID":null,"HIST_REVISION_ID":"9a6ccc18-cb89-45fc-8060-91a2086e0831","HIST_EFF_DT":null,"HIST_EXP_DT":null,"COMPTYPE":66,"COMPKEY":870024,"ADDRKEY":"1","EXPBY":null,"EXPDATE":null,"GLOBALID_GUID":"3d164c6c-6f49-420f-b225-29eb436f7511","SHAPE__Area":493.40625,"SHAPE__Length":121.76065909372527}},{"type":"Feature","id":722,"geometry":{"type":"Polygon","coordinates":[[[-114.069574259389,51.0487215238695],[-114.069575631438,51.0486939560492],[-114.069511762729,51.0486921295799],[-114.069509594896,51.0487197410234],[-114.069500262979,51.0487194831735],[-114.069510608355,51.0485783463675],[-114.069518320437,51.0484730729514],[-114.06952093539,51.0484373839688],[-114.069596100948,51.0484395120549],[-114.069593406635,51.0484755004444],[-114.069585543172,51.0485805231422],[-114.069574983921,51.0487215441146],[-114.069574259389,51.0487215238695]]]},"properties":{"OBJECTID":722,"BRIDGE_NO":"1542","BRIDGE_NAME":"1542","POSTED_CLEARANCE":"4.8","LOCATION":"Calgary Place - 333 5th Av","EOR":"RJC","SCHEDULE":"A","CONST_DEC":"1970","PED_201212":22080,"PED_EST":24288,"CONN_TYPE":"Bridge","CROSS_LOC":"5 Avenue/2-3 Streets SW","IMPACTED":0,"CA_REPORT":"MMM-2016","STREET_CRO":"5 Avenue","CITY_OWNED":"Yes","STATUS":"Original","CROSS_ROW":"Yes","UNITID":"1110029928","GLOBALID":"2038349b-6b22-4483-9d54-d7b5810ff08a","OWNER":"COC-RD-RM","STATUS_CD":"Active","ACQUISITION_METHOD":null,"ACQUISITION_DATE":null,"HYPERLINK":null,"MODIFY_REASON":null,"MODIFIED_DT":1615826067000,"MODIFIED_ACTION":"MODIFIED ATTRIBUTE","UNITTYPE":"BMPF","CREATED_DT":1469630805000,"PROGRAM_PROJECT":null,"DEVELOPMENT_AGREEMENT":null,"TI_HANDOFF_DATE":null,"CCC_DT":null,"FAC_DT":null,"WORK_ORDER_NUMBERS":null,"GROUP_PROJECT_NUMBERS":null,"HIST_CREATE_ID":null,"HIST_REVISION_ID":"5806fbdf-58ee-4656-bf0b-1b89aa91958e","HIST_EFF_DT":null,"HIST_EXP_DT":null,"COMPTYPE":66,"COMPKEY":870071,"ADDRKEY":"1","EXPBY":null,"EXPDATE":null,"GLOBALID_GUID":"2038349b-6b22-4483-9d54-d7b5810ff08a","SHAPE__Area":382.515625,"SHAPE__Length":126.39398344382397}},{"type":"Feature","id":723,"geometry":{"type":"Polygon","coordinates":[[[-114.06371260975,51.048524896646],[-114.063721753246,51.0483868435843],[-114.063730968211,51.0482479076882],[-114.063795174391,51.0482499582795],[-114.063785507151,51.0483886256346],[-114.063775910048,51.0485264811747],[-114.06371260975,51.048524896646]]]},"properties":{"OBJECTID":723,"BRIDGE_NO":"1562","BRIDGE_NAME":"1562","POSTED_CLEARANCE":"4.8","LOCATION":"James Short - Suncor Energy Plaza","EOR":" ","SCHEDULE":"A","CONST_DEC":"1980","PED_201212":0,"PED_EST":0,"CONN_TYPE":"Bridge","CROSS_LOC":"5 Avenue/Centre-1 Streets SW","IMPACTED":0,"CA_REPORT":"MMM-2016","STREET_CRO":"5 Avenue","CITY_OWNED":"Yes","STATUS":"Original","CROSS_ROW":"Yes","UNITID":"1110029952","GLOBALID":"629a13bc-9110-419d-b425-f4fb5de15840","OWNER":"COC-RD-RM","STATUS_CD":"Active","ACQUISITION_METHOD":null,"ACQUISITION_DATE":null,"HYPERLINK":null,"MODIFY_REASON":null,"MODIFIED_DT":1615826069000,"MODIFIED_ACTION":"MODIFIED ATTRIBUTE","UNITTYPE":"BMPF","CREATED_DT":1469630805000,"PROGRAM_PROJECT":null,"DEVELOPMENT_AGREEMENT":null,"TI_HANDOFF_DATE":null,"CCC_DT":null,"FAC_DT":null,"WORK_ORDER_NUMBERS":null,"GROUP_PROJECT_NUMBERS":null,"HIST_CREATE_ID":null,"HIST_REVISION_ID":"882ae8f0-02d2-49f0-a239-9b33ec487783","HIST_EFF_DT":null,"HIST_EXP_DT":null,"COMPTYPE":66,"COMPKEY":870025,"ADDRKEY":"1","EXPBY":null,"EXPDATE":null,"GLOBALID_GUID":"629a13bc-9110-419d-b425-f4fb5de15840","SHAPE__Area":348.46875,"SHAPE__Length":112.31034284227425}},{"type":"Feature","id":724,"geometry":{"type":"Polygon","coordinates":[[[-114.056582391144,51.048458990666],[-114.056611343422,51.0479999116326],[-114.056612673319,51.0479806073422],[-114.056619616195,51.0479808664794],[-114.056657344196,51.0479822757666],[-114.056657925396,51.0479735401647],[-114.056691420331,51.047974777092],[-114.056657866346,51.0483763762536],[-114.056654710637,51.0484141274528],[-114.056638502633,51.0484402531671],[-114.05663660908,51.0484604701867],[-114.056582391144,51.048458990666]]]},"properties":{"OBJECTID":724,"BRIDGE_NO":"1503","BRIDGE_NAME":"1503","POSTED_CLEARANCE":"4.6","LOCATION":"Bow Valley College (N) - YWCA","EOR":" ","SCHEDULE":"Roads","CONST_DEC":"post-2000","PED_201212":0,"PED_EST":0,"CONN_TYPE":"Bridge","CROSS_LOC":"5 Avenue/2-3 Streets SE","IMPACTED":0,"CA_REPORT":" ","STREET_CRO":"5 Avenue","CITY_OWNED":"Yes","STATUS":"Original","CROSS_ROW":"Yes","UNITID":"1110029944","GLOBALID":"36113c64-42c5-4c8d-ae5c-beeff403cfa4","OWNER":"COC-RD-RM","STATUS_CD":"Active","ACQUISITION_METHOD":null,"ACQUISITION_DATE":null,"HYPERLINK":null,"MODIFY_REASON":null,"MODIFIED_DT":1615826068000,"MODIFIED_ACTION":"MODIFIED ATTRIBUTE","UNITTYPE":"BMPF","CREATED_DT":1469630805000,"PROGRAM_PROJECT":null,"DEVELOPMENT_AGREEMENT":null,"TI_HANDOFF_DATE":null,"CCC_DT":null,"FAC_DT":null,"WORK_ORDER_NUMBERS":null,"GROUP_PROJECT_NUMBERS":null,"HIST_CREATE_ID":null,"HIST_REVISION_ID":"a68be4c8-579e-4a5b-b923-39c8b46c5e3d","HIST_EFF_DT":null,"HIST_EXP_DT":null,"COMPTYPE":66,"COMPKEY":870032,"ADDRKEY":"1","EXPBY":null,"EXPDATE":null,"GLOBALID_GUID":"36113c64-42c5-4c8d-ae5c-beeff403cfa4","SHAPE__Area":688.28125,"SHAPE__Length":187.53729834165387}},{"type":"Feature","id":725,"geometry":{"type":"Polygon","coordinates":[[[-114.078015151327,51.0483777188338],[-114.077311803699,51.0483583278592],[-114.077310172044,51.0483771084839],[-114.07705760078,51.048369400265],[-114.077059075145,51.0483503105008],[-114.076857772832,51.0483447264725],[-114.076729747226,51.0483407768946],[-114.076384750112,51.048331266985],[-114.07638873286,51.0482754381602],[-114.076780530003,51.0482870389009],[-114.076961334029,51.0482919722199],[-114.078047417459,51.0483219169187],[-114.078078009748,51.048322435871],[-114.078105607454,51.0483231806606],[-114.078101284882,51.0483800939324],[-114.078015151327,51.0483777188338]]]},"properties":{"OBJECTID":725,"BRIDGE_NO":"1579","BRIDGE_NAME":"1579","POSTED_CLEARANCE":"4.1","LOCATION":"Pacific Parkade - 715 5th Av","EOR":"RJC","SCHEDULE":"A","CONST_DEC":"1980","PED_201212":0,"PED_EST":0,"CONN_TYPE":"Lane Link","CROSS_LOC":"Lane connecting 6-7 Streets/5-6 Avenues SW","IMPACTED":0,"CA_REPORT":"MMM-2016","STREET_CRO":"Lane connection","CITY_OWNED":"Yes","STATUS":"Original","CROSS_ROW":"Yes","UNITID":"1110029965","GLOBALID":"a47bba1d-e0fa-4d54-9fed-85a60e3a1e1f","OWNER":"COC-RD-RM","STATUS_CD":"Active","ACQUISITION_METHOD":null,"ACQUISITION_DATE":null,"HYPERLINK":null,"MODIFY_REASON":null,"MODIFIED_DT":1615826068000,"MODIFIED_ACTION":"MODIFIED ATTRIBUTE","UNITTYPE":"BMPF","CREATED_DT":1469630805000,"PROGRAM_PROJECT":null,"DEVELOPMENT_AGREEMENT":null,"TI_HANDOFF_DATE":null,"CCC_DT":null,"FAC_DT":null,"WORK_ORDER_NUMBERS":null,"GROUP_PROJECT_NUMBERS":null,"HIST_CREATE_ID":null,"HIST_REVISION_ID":"c4544444-4e82-4957-b1f9-b0b70796d95a","HIST_EFF_DT":null,"HIST_EXP_DT":null,"COMPTYPE":66,"COMPKEY":870049,"ADDRKEY":"1","EXPBY":null,"EXPDATE":null,"GLOBALID_GUID":"a47bba1d-e0fa-4d54-9fed-85a60e3a1e1f","SHAPE__Area":1995.6015625,"SHAPE__Length":409.26864680411609}},{"type":"Feature","id":961,"geometry":{"type":"Polygon","coordinates":[[[-114.072950463747,51.046330731258],[-114.072954275733,51.0462816970785],[-114.07369749953,51.0462973233392],[-114.073991820019,51.0463007054165],[-114.074003235694,51.0463613510171],[-114.073674950592,51.0463544223576],[-114.072950463747,51.046330731258]]]},"properties":{"OBJECTID":961,"BRIDGE_NO":"1595","BRIDGE_NAME":"1595","POSTED_CLEARANCE":" ","LOCATION":"Watermark Tower - 707 Fifth","EOR":" ","SCHEDULE":"A","CONST_DEC":"post-2000","PED_201212":0,"PED_EST":0,"CONN_TYPE":"Bridge","CROSS_LOC":"5 Street/7-8 Avenues SW","IMPACTED":0,"CA_REPORT":" ","STREET_CRO":"5 Street","CITY_OWNED":"Yes","STATUS":"Original","CROSS_ROW":"Yes","UNITID":"1110029905","GLOBALID":"046ca043-600b-4891-bcf8-da01ef8e280d","OWNER":"COC-RD-RM","STATUS_CD":"Active","ACQUISITION_METHOD":null,"ACQUISITION_DATE":null,"HYPERLINK":null,"MODIFY_REASON":null,"MODIFIED_DT":1674143603000,"MODIFIED_ACTION":"MODIFIED ATTRIBUTE","UNITTYPE":"BMPF","CREATED_DT":1469630805000,"PROGRAM_PROJECT":null,"DEVELOPMENT_AGREEMENT":null,"TI_HANDOFF_DATE":null,"CCC_DT":null,"FAC_DT":null,"WORK_ORDER_NUMBERS":null,"GROUP_PROJECT_NUMBERS":null,"HIST_CREATE_ID":null,"HIST_REVISION_ID":"ba590a24-08b5-4ec9-a5e8-b751906aee2c","HIST_EFF_DT":null,"HIST_EXP_DT":null,"COMPTYPE":66,"COMPKEY":870018,"ADDRKEY":"1","EXPBY":null,"EXPDATE":null,"GLOBALID_GUID":"046ca043-600b-4891-bcf8-da01ef8e280d","SHAPE__Area":1134.5234375,"SHAPE__Length":252.38004597454429}},{"type":"Feature","id":962,"geometry":{"type":"Polygon","coordinates":[[[-114.070554767567,51.0451926498446],[-114.070602395078,51.0451941223705],[-114.070599181919,51.0452390199436],[-114.070340775866,51.0452310795866],[-114.070341447632,51.045221718172],[-114.070343989202,51.0451861343749],[-114.070554767567,51.0451926498446]]]},"properties":{"OBJECTID":962,"BRIDGE_NO":"1560","BRIDGE_NAME":"1560","POSTED_CLEARANCE":"4.8","LOCATION":"Bankers Hall Parkade - Royal Bank Building","EOR":" ","SCHEDULE":"A","CONST_DEC":"1991","PED_201212":0,"PED_EST":0,"CONN_TYPE":"Bridge","CROSS_LOC":"3 Street/8-9 Avenues SW","IMPACTED":0,"CA_REPORT":"MMM-2016","STREET_CRO":"3 Street","CITY_OWNED":"Yes","STATUS":"Original","CROSS_ROW":"Yes","UNITID":"1110029921","GLOBALID":"7d0f0161-d6e1-4234-a7ae-ba3aebb9941b","OWNER":"COC-RD-RM","STATUS_CD":"Active","ACQUISITION_METHOD":null,"ACQUISITION_DATE":null,"HYPERLINK":null,"MODIFY_REASON":null,"MODIFIED_DT":1674635475000,"MODIFIED_ACTION":"MODIFIED ATTRIBUTE","UNITTYPE":"BMPF","CREATED_DT":1469630805000,"PROGRAM_PROJECT":null,"DEVELOPMENT_AGREEMENT":null,"TI_HANDOFF_DATE":null,"CCC_DT":null,"FAC_DT":null,"WORK_ORDER_NUMBERS":null,"GROUP_PROJECT_NUMBERS":null,"HIST_CREATE_ID":null,"HIST_REVISION_ID":"3b64169b-7508-4150-a819-c5d5b995304c","HIST_EFF_DT":null,"HIST_EXP_DT":null,"COMPTYPE":66,"COMPKEY":870036,"ADDRKEY":"1","EXPBY":null,"EXPDATE":null,"GLOBALID_GUID":"7d0f0161-d6e1-4234-a7ae-ba3aebb9941b","SHAPE__Area":229.2890625,"SHAPE__Length":73.524060933830583}},{"type":"Feature","id":1281,"geometry":{"type":"Polygon","coordinates":[[[-114.070663670365,51.0453204027941],[-114.070592953856,51.0453185253189],[-114.070597934471,51.0452439551622],[-114.070668649441,51.0452458326353],[-114.070663670365,51.0453204027941]]]},"properties":{"OBJECTID":1281,"BRIDGE_NO":"1561","BRIDGE_NAME":"1561","POSTED_CLEARANCE":"4.8","LOCATION":"Bankers Hall West Parkade - HSBC Building","EOR":null,"SCHEDULE":"A","CONST_DEC":"1991","PED_201212":null,"PED_EST":null,"CONN_TYPE":"0","CROSS_LOC":"3 Street/8-9 Avenues SW","IMPACTED":0,"CA_REPORT":null,"STREET_CRO":"Alley","CITY_OWNED":"Yes","STATUS":"Original","CROSS_ROW":"Yes","UNITID":"1110416434","GLOBALID":"437cd71c-dc59-4745-b9f4-820dcb5747f8","OWNER":"COC-RD-RM","STATUS_CD":"Active","ACQUISITION_METHOD":null,"ACQUISITION_DATE":null,"HYPERLINK":null,"MODIFY_REASON":null,"MODIFIED_DT":1699954036000,"MODIFIED_ACTION":"MODIFIED ATTRIBUTE","UNITTYPE":"BMPF","CREATED_DT":1674633603000,"PROGRAM_PROJECT":null,"DEVELOPMENT_AGREEMENT":null,"TI_HANDOFF_DATE":null,"CCC_DT":null,"FAC_DT":null,"WORK_ORDER_NUMBERS":null,"GROUP_PROJECT_NUMBERS":null,"HIST_CREATE_ID":"27114575-b0ff-4574-8957-f63c3480d311","HIST_REVISION_ID":"71bf0d37-140f-4418-9adb-695691a02ad3","HIST_EFF_DT":1674633603000,"HIST_EXP_DT":null,"COMPTYPE":66,"COMPKEY":null,"ADDRKEY":null,"EXPBY":null,"EXPDATE":null,"GLOBALID_GUID":"437cd71c-dc59-4745-b9f4-820dcb5747f8","SHAPE__Area":104.125,"SHAPE__Length":42.1883522761268}}]}